Festival,Date,Location,Artists
Corona Capital 2025,"November 14-16, 2025","Mexico City, Mexico","4 Non Blondes, AFI, Alabama Shakes, Alexandra Savior, Aluna, Angie McMahon, Anna of the North, Bad Bad Hats, Bôa, Chanel Beads, Chappell Roan, Chrissy Chlapecka, Circa Waves, Cults, Cut Copy, Debby Friday, Deftones, Foo Fighters, Franz Ferdinand, Friday Pilots Club, Garbage, Gizmo Varillas, Grizzly Bear, half•alive, Haute & Freddy, Hippo Campus, Hollow Coves, Interpol, James, Jehnny Beth, Jelly Roll, Jerry Cantrell, JET, Jet Vesper, Jordan Rakei, Kadavar, Kaiser Chiefs, Leisure, Linkin Park, Lola Young, Lucy Dacus, Lucy Rose, Maiah Manser, MARINA, Men I Trust, Mogwai, Nilüfer Yanya, Of Monsters and Men, Orchestral Manoeuvres in the Dark, Peach Pit, PinkPantheress, Polo & Pan, Qendresa, Queens of the Stone Age, Rose Gray, Sabrina Claudio, Samia, Sarah Kinsley, Shermanology, Sub Urban, SYML, Tamino, The Struts, TR/ST, TV On the Radio, Vampire Weekend, Waxahatchee, Weezer"
Electric Forest 2026,"*June 18-21, 2026","Rothbury, MI",
Decadence Colorado 2025,"December 30-31, 2025","Denver, CO","Disco Lines, Dr Fresch, FISHER, Gareth Emery, ILLENIUM b2b Excision, Jade Cicada, Kaskade, Knock2, Level Up, Loud Luxury, Louis The Child, Mike Posner, Netsky, Of The Trees, Steve Aoki, Subtronics, Tape B, Troyboi, Wooli, ZEDD, Zeds Dead, Zeds Dead b2b Subtronics b2b Tape B"
Countdown NYE 2025,"December 31, 2025","Los Angeles, CA","Above & Beyond, AK SPORTS, AR/CO, Cera Khin, Clara Cuvé, Close Friends Only, Crankdat, Discovery Project, Gravagerz, Hedex, John Summit, Kevin de Vries, Kobosil, Madeon, Marie Nyx, MPH, Odymel, Pryda, Ship Wrek, Shlømo, SLANDER, southstar, Starjunk 95, Sub Focus, Wuki"
Wireless Festival 2026,"*July 10-12, 2026","London, UK",
EDC Mexico 2026,"February 20-22, 2026","Mexico City, Mexico","999999999, ¥ØU$UK€ ¥UK1MAT$U, 3BallMTY, 8onthebeat, Above & Beyond, Adam Beyer, Adam Ten B2B Mita Gami, Adrián Mills B2B Cloudy, Ahmed Spins B2B LP Giobbi, Alesso, Alex Wann, Alisha, Alok, Angerfist, ANNA, ANYMA, Aranxa, Archie Hamilton, Armand Van Helden, ATLiens, Audien, Azyr, Ben Hemsley, Ben Sterling, Black Tiger Sex Machine, BOLO, BROSA, Brunello, BSNO, Calussa, CamelPhat, Celice B2B Sadgal, Charlotte de Witte, Chris Lake, Chris Lorenzo, Cristoph, Crystal B2B Sommer, Darude, Deer Jade, Dennis Cruz, Dezko, Diesel, Diplo, Discip, DJ Gigola, DJibouti, Dombresky, Eli & Fur, Eli Brown, Emisopa, Enrico Sangiuliano, Eptic, Felipe Gordon, Fenrick B2B PRADA2000, Fito Silva, FUMI B2B Serafina, Funk Tribu, Gareth Emery, Getter, GRAVEDGR, GRiZ, Hardwell, HAYLA, Hesis, Holy Priest, HoneyLuv, Ima, Indira Paganotto, Indo Warehouse, Infected Mushroom, Interplanetary Criminal, ISOxo, James Hype, Jamie Jones, Jeffrey Sutorius, Jessica Audiffred, John Summit, Joseph Capriati, Josh Baker, JSTJR, Junkie Kid, Kai Wachi, Karlo, Kassie, Kate Gozz & Ana Morss, Kawas, Kevin de Vries, Key4050, KI/KI, KinAhau, Knock2, Le Twins, Level Up, Levity, Little D, Lokier, Loud Luxury, Maceo Plex, MALUGI, María Nocheydía, Mario Santander, Massano, Matt, Matty Ralph, Mau P, Max Styler, Michael Mayer B2B Rebolledo, Mike Posner, Mind Against, Mish, Mita Gami, MNTY, Nils Hoffmann, Noise Mafia B2B Peter Blue, NOVAH, Pahua, Pato Shoucair, Patrice Bäumel, Peces Raros, Restricted, Rigopolar, Roman Messer, Rossi., RØZ, Sam Feldt, Sammy Virji, San Holo, Sander van Doorn, Saza Fischer, SEBAXXSS, Seth Troxler, Shanti Clasing, Sickmode, Sidney Charles, Silvie Loto, sim0ne, Sol Ortega, Sound Rush, Steve Angello, Sullivan King, Sultan + Shepard, Taao, Tape B, TBX, The Bloody Beetroots, The Martinez Brothers, The Wookies, Tom & Collins, Trym, Valentino Khan, Vertile, Villaseñor, Vini Vici, Westend, Xandra, Yotto, Zedd"
EDC Orlando 2025,"November 7-9, 2025","Orlando, FL","999999999, 2AR, A Hundred Drums, Adam Beyer B2B Layton Giordani, Adam Beyer presents Drumcode, ALLEYCVT, Andromedik, Annicka, Apashe, AR/CO, Argy, Armin van Buuren, AYYBO, Bad Girl Bailey, Baggi, BARELY ALIVE, Bart Skils, Ben Hemsley, Ben Sterling B3B Beltran B3B ChaseWest, Canabliss, Carlos Mendoza, Caspa (Sunset Set), Cassian, Charlotte de Witte, Chase & Status, Chris Lake, Circle K, Cloonee, Coco & Breezy, Cole Knight, Crankdat, Deborah De Luca, Discovery Project, DJ Snake, Dom Dolla, Dombresky, Dr. Greco, DREYA V, Eater, Edgar V, Eli Brown, Ely Oaks, Excision, Flozone, Funk Tribu, Fury + MC Dino, Gorgon City, GorillaT, Green Velvet B2B Alok (Sunset Set), Gryffin, Hills, HOL!, Ina Nia, Indira Paganotto, INFEKT, Jaden Bojsen, James Hype, Jev, Kai Wachi, Kevin de Vries, Knock2, Korolova, Łaszewo, Lavern, Leisan, Loofy, Loud Luxury, Luuk van Dijk, Maddy O’Neal, Malóne, Max Styler, Miss Monique, Morgan Seatree, MPH, Nico Moreno, Noise Mafia, OKAYVAL, Omnom, ØTTA, Porter Robinson (DJ Set) – Sunset Set, Prospa B2B KETTAMA, Riordan, RUDIM3NTAL, San Pacho (Sunset Set), Sara Landry, Seven Lions (Sunset Set), Sofi Tukker, Sosa, Sota, Sub Focus (Sunset Set), Subtronics, Tape B, The Outlaw, Tiësto (Sunset Set), Tiffy Vera, Virtual Riot, VOYD, Walker & Royce, Westend, Wilkinson, Wooli, YDG, Zedd"
Lights All Night 2025,"December 30-31, 2025","Dallas, TX","33 Below, AYYBO, Chef Boyarbeatz, Chris Lorenzo, Crankdat, D.O.D, Deathpact, Dennett, Freddy Todd, Genesi, Grabbitz, Green Velvet, GRiZ, Gudfella, Hamdi, Hannah Laing, Hostage Situation, Illenium, Jackie Hollander, Kid Kamino, Knock2, Know Good, Levity, Maddy O’Neal, Mashbit, Mau P, Netsky, Nikita, The Wicked, Odd Mob, Porter Robinson, Raecola, RL Grime, Sara Landry, Script, Skellytn, Stylust, TVBOO, Wes Mills, Wooli, Wreckno, Matroda"
Thunderdome Washington 2026,"February 6-8, 2026","Tacoma, WA","ATLiens, Austeria, Brainrack, Wiley, CapoChino, Codd Dubz, Cyclops, Dion Timmer, Excision, Kai Wachi, Ganja White Night, Hol!, Jkyl & Hyde, Layz, Neotek, Samplifire, Smoakland, Sullivan King, Tisoki, Trivecta"
Dreamstate SoCal 2025,"November 21-22, 2025","Long Beach, CA","Amy Wiles, Astrix, Ben Hemsley, Ben Nicky, Billy Gillies, Blazy, Bryan Kearney, Burn In Noise, Chicane, Chris Giuliano, Christoph & Innellea, Coexist, Cold Blue, Darren Porter, Darren Tate, David Forbes, Discovery Project, Eli & Fur, Ely Oaks, Factor B & Lostly, Faders, Ferry Corsten, Fish56Octagon, Freedom Fighters, Gareth Emery, Giorgia Angiuli, Giuseppe Ottaviani, GMS, GVX, Hel:sløwed, Ilan Bluestone, Jeffrey Sutorius, John 00 Fleming, John O’Callaghan, Jordan Suckley, Key4050, Khromata, Kristina Sky, Lilly Palmer, Mad Maxx, Maddix, Mandragora, Mark Sherry, Matty Ralph, Maximizer, Miss Monique, Nifra, nilsix, NOVAH, Olly James, Omiki + Vegas, Paul Oakenfold, Paul van Dyk + Aly & Fila, Ranji, Realize, Rising Dust, Roman Messer, Sarah de Warren, Shingo Nakamura, SOCIETY, Space 92, SUPERSTRINGS, T78, Taylor Torrence, Thomas Schumacher, Tiësto, Trance Wax, Tristan, Victor Ruiz, Vini Vici, Will Atkinson"
Music On Festival 2026,"May 9-10, 2026","Amsterdam, Netherlands",
Mad Cool Festival 2026,"*July 8-11, 2026","Madrid, Spain",
A State of Trance 2026,"February 27-March 1, 2026","Rotterdam, Netherlands",
Igloofest Montreal 2026,"January 15-February 7, 2026","Montreal, QC","A-Trak, Aluna, Andrea de Tour, Arielle Roberge, Artiste Surprise, AZYR, badgalquirit, BitterCaress, Bolarinho, CHAR.L.N b2b Inside Blur, Cirque Cosmique, Cole Knight, Cori, Cult Member, D.Blavatsky, Dick Lee, Disco Lines, DJ Seinfeld, DJ Smokey, DJ Snake, donotstealmyname, Elderbrook, Guillaume Michaud, Guthrie, Hamza, Hannah Laing, High Klassified, Jares, KAT2KAT, KATTANA, KORVN, Kris Guilty, Kris Tin, Laure, Liv K, Lost Frequencies, Madeon, Manaré, Manolow, Max Styler, Misstress Barbara, Monib, nad, NASTY GLOSS, Nicole Moudaber, Nicole Moudaber, No Police, Nostalgix, Pleurire, Qrion, San Farafina, Shadow Wizard Money Gang, Shirlee, Siren Mars, Skull Machine, SOFI TUKKER, Sofia Kourtesis, Suray Sertin, The Blaze, Traxence, TRYM, Weval, YAYA LA BAE, Zorza"
Spilt Milk Festival 2025,"December 6-14, 2025",Australia Tour,"Baby J, CHANCE PEÑA, Club Angel, D4vd, Doechii, Dominic Fike, Don West, Ennaria, Esha Tewari, Kendrick Lamar, Lyric, Mia Wray, Nessa Barrett, Ninajirachi, Rebecca Black, Rum Jungle, Sara Landry, ScHoolboy Q, Skin On Skin, Sofia Isella, Sombr, South Summit, The Dreggs, The Rions"
Ultra Music Festival Miami 2026,"March 27-29, 2026","Miami, FL","999999999, Adam Beyer, Adriatique, Amelie Lens, Armin van Buuren, Black Tiger Sex Machine, Boris Brejcha, Boys Noize, Bzrp, Carl Cox, Connected Fighters, Deathpact, DeorroMorten, DJ Snake, Eli Brown, Eric Prydz, Excision, Hardwell, Illenium, Isoxo, John Summit, Joseph Capriati, Levity, Louis The Child, Madeon, Major Lazer, Marlon Hoffstadt, Mike Posner, Miss Monique, Morten, Of The Trees, Sara Landry, Sasha & John Digweed, Sebastian Ingrosso, Snow Strippers, Steve Angello, Steve Aoki, The Martinez Brothers, Timmy Trumpet, Vintage Culture, Wankelmut, Wooli, Worship, Yosuke Yukimatsu, ZHU"
South By Southwest (SXSW) 2026,"March 10-15, 2026","Austin, TX",
ZNA Gathering 2026,"July 15-22, 2026","Montargil Lake, Portugal",
Estereo Picnic 2026,"March 20-22, 2026","Bogota, Colombia","¥ØU$UK€ ¥UK1MAT$U, 2hollis, Addison Rae, Agraciada, Aitana, Antopiko3, Aria Vega, Badsista, Balu Brigada, Ben Böhmer, Bob Moses, Briela Veneno, Brutalismus 3000, Bunt., D4vd, Daniel Andrés, Deftones, DJ Babatr, Djo, Doechii, DVD, Elniko Arias, Entrecó, Error999, Guitarricadelafuente, HVOB, Innexen, Interpol, Ivan Cornejo, Judeline, Katseye, Kygo, Lasso, Lola Young, Lorde, Luis Alfonso, Macario Martínez, Machaka, Manú, Manuel Lizarazo, Men I Trust, Mochakk, Nicolás y Los Fumadores, Peggy Gou, Peso Pluma, Peter Blue, Pirineos en Llamas, Roi Turbo, Royel Otis, Róz, Sabrina Carpenter, Silvia Ponce, Six Sex, Skrillex, The Dare, The Killers, The Warning, The Whitest Boy Alive, TimØ, Turnstile, Tyler, The Creator, Universe, Viagra Boys, Wost, XXXXXX, Young Miko, Zarigüeya"
Lollapalooza Chile 2026,"March 13-15, 2026","Santiago, Chile","¥ōsūke YuukiMatsū, 2 Minutos, 2Hollis, 31 Minutos, 3BallMTY, Addison Rae, Aerobica, Airbag, Akriila, Amigo de Artistas, Antonias, Astronautiko, Bad Nerves, Balu Brigada, Bandalos Chinos, Ben Böhmer, Benja Valencia, Bruno Borlone, Brutalismus 3000, Bryartz, Bunt., Caleb Calloway, Caleuchístico, Chappell Roan, Chicarica, Claudio Valenzuela Trío, Cleaver, Como Asesinar a Felipes, Consequence of Energy, Cristóbal Briceño y Grupo Crisis, Danny Ocean, De Saloon, Deftones, Despertando Las Neuronas, Djo, Doechii, Dracma, Drink the Sea, Facebooklyn, Fonosida, Gepe, Gondwana, Guitarricadelafuente, Hamdi, Hesse Kassel, Horsegiirl, Interpol, Joaquina, Judeline, Katseye, Katteyes, Kygo, La Caravana Mágica, Lany, Lewis Capaldi, Lorde, Los Borne, Los Bunkers, Mano de Obra, Manuel García, Marina, Marlon Breeze, Mau y Ricky, Mauricio Hernandez, Men I Trust, Miss Jav, Nafta, Niebla Niebla, Orishas, Otroarte, Peggy Gou, Quilapayún, Riize, Rootz Hifi, Royel Otis, Róz, Rubio, Sabrina Carpenter, Santo Barrio, School of Rock, Six Sex, Skrillex, The Dare, The La Planta, The Warning, Tikitiklip, Tom Morello, Tomo Como Rey, Turnstile, TV Girl, Tyler, The Creator, Viagra Boys, Xina Mora, Yami Safdie, Young Cister, Zaturno"
Creamfields 2026,"August 27-30, 2026","Daresbury, UK",Calvin Harris
Waking Life Festival 2026,"June 16-23, 2026","Crato, Portugal",
Apocalypse 2025,"November 28-29, 2025","Long Beach, CA","7L b2b Vicious, A Little Sound, A.M.C with Phantom, AEON:MODE b2b Delta Heavy, Ahee, Alpha Omega, Andy C, Atliens, Audigy, Badklaat, Bainbridge b2b High Zombie, Barely Alive, Benda b2b OG Nixin, Blurrd VZN b2b Slang Dogs, Boogie T b2b Distinct Motive, Bou b2b Kanine, Break b2b Mefjus with Daxta MC, Captain Bass b2b Primate, Celo, Circadian, Combine, Cyclops, Deadgirl, Digital Ethos, Dillinja b2b Hazard, Discovery Project, EPROM, Excision, Fallen b2b Nightstalker with MC Dino, Friction, Funtcase b2b Midnight Tyrannosaurus, Ganja White Night, Gentlemen’s Club, Getter, Ghengar, Gorillab, Grafix, Hexx b2b Otsukare, Hurtbox, Illenium, Infekt, Ivory, Jeanie b2b Vampa, JordnMoody, Justin Hawkes, Khiva, Kill Safari, Kings of the Rollers, Klinical, Koven, Layz, Mad Dubz b2b VKTM, Maddy O’Neal, Mary Droppinz, Moze, Murdoch, Mystic Methods, Nero, Netsky, Nightmre, Nitepunk, Phace, Probcause, Prosecute b2b YVM3, Rated R, Raynscook, Riot, S.P.Y, Samplifire, Sanzu, Seth David, SFAM, Sippy b2b Smoakland, Siren, Soothslayer, Subsonic, Super Future, Supertask, SweetTooth, The Resistance, Tripp St., VILLA, Viperactive, Wooli, Wraz, Xotix, Zomboy"
Dusk Festival 2025,"November 15-16, 2025","Tucson, AZ","Deorro, G-Eazy, Inzo, Levity, Loud Luxury, ACRAZE, Alleycvt, Drama, Hayla, Jigitz, Laszewo, Vacations, Whipped Cream, Ekonovah, Evangelia, Jessica Baio, Loofy, Maryjo, Pretty Sweet, Vundabar, Bummer Girl, Bush League, Cherry!, Daytrails, Desert Music Project, Keegan Halvoren & The Woke Mob, New Misphoria, SIV, Sophzhaus, Wulftron"
Lost Paradise 2025,"December 28-January 1, 2026","Glenworth Valley, Australia","Alex Dowsing, Anna Lunoe, Baby J, Bad Boombox B2B Mischluft, Badassmutha, Balu Brigada, Bella Backe, Bella Claxton, Ben Böhmer, Benny Holloway, Big Wett, Blusher, Bullet Tooth, Caleb Jackson, Cassian, Catriona Wallace, Chanel Contos, Channel Tres, Chris Stussy, Confidence Man, Couch Mechanic, Cricket, Dameeeela, Dayzzi B2B Daug, Deano Gladstone, Disco Dora, DJ Heartstring, Dombresky Pres. Disco Dom, Dr. Banana, Dr. Karl, Duke Dumont, Elijah Something, Eric Avery, Fcukers, Folamour, Gmoz, Grooveworks, Gwyn Williams, Heidi, Hot Dub Time Machine, I Hate Models, Inji, Jazzy, Josh Baker, Juicy Romance, Kai Kawai, Kath Ebbs, Kettama, Kilimanjaro, Lara Zilibowitz, Large Mirage, Laytx, Lily Fm, Lost Soundsystem, Luke Alessi, Madame Reve, Maina Doe, Marc Rebillet, Maribou State, Mash, Merci, Mercy, Middle James, Mina Tonic, Narciss, Notion, Odd Mob, Omar+, Oscill8, Pamela, Pegassi, Penelope, People’s Party, Plastic Free Mermaid, Prospa, Riria, Ross From Friends, Roxy Lotz, Salarymen, Selve, Sex Mask, Sez, Siila, Silly Lily, Silva Bumpa, Sim Select, Sim0ne, Simon Borg-Olivier, Sumner, Swim, Tia Lacoste, Tokyo Sexwale, Tom Carroll, Triple J Unearthed Winner, Tseba, Two Another, Underworld, VTSS, Waxlily, Wolters, X Club, Yasmina Sadiki"
Seismic Dance Event 2025,"November 14-16, 2025","Austin, TX","Acraze, Adam Beyer, ANNA, Ben Hemsley, Ben Sterling, Cassian, Charlotte de Witte, Chloé Robinson, Daniel Allan, DJ Heartstring, Dom Dolla, Duke Dumont, Elderbrook, Eli Brown, Enrico Sangiuliano, Estella Boersma, Four Tet, Funk Tribu, Genesi, Giorgia Angiuli, Gorgon City, Kettama, KLOUD, Lane 8, Lilly Palmer, Linská, LSDXOXO, Mari Ferrari, MAZ, Mochakk, Murphy’s Law, Noizu, Odd Mob, Ranger Trucco, San Pacho, Simon Doty, Somewhen, Southstar, Sultan + Shepard, Swimming Paul, The Blessed Madonna, Torren Foot b2b Airwolf Paradise, Ugo Banchi, Underworld, X Club."
EDC Las Vegas 2026,"May 15-17, 2026","Las Vegas, NV",
Governors Ball Music Festival 2026,"*June 5-7, 2026","New York City, NY",
Reading Festival 2026,"August 27-30, 2026","Reading, UK",
Beyond Wonderland 2026,"March 27-28, 2026","San Bernardino, CA",
Ultra Europe 2026,"July 10-12, 2026","Split, Croatia",
Tomorrowland 2026,"*July 17-26, 2026","Boom, Belgium",
Lollapalooza Paris 2026,Cancelled,"Paris, France",
Defqon.1 Netherlands 2026,"June 25-28, 2026","Biddinghuizen, Netherlands",
Lollapalooza Argentina 2026,"March 13-15, 2026","Buenos Aires, Argentina","¥ōsūke YuukiMatsū, 143Leti, 2hollis, Addison Rae, Aitana, Amigo de Artistas, Balu Brigada, Ben Böhmer, Brutalismus 3000, Bunt., Cerounno, Chappell Roan, Danny Ocean, Deftones, Djo, Doechii, Easykid, Ezequiel Arias, Félix Vestre, Guitarricadelafuente, Hamdi, Horsegiirl, Imbermind, Interpol, Jero Jones, Joaquina, Judeline, Katseye, Kygo, Lany, Lewis Capaldi, Little Boogie, Lorde, Ludmila Di Pasquale, Marina, Marttein, Massacre, Men I Trust, Militantes del Clímax, Mora Fisz, Nasa Histoires, Paula OS, Paulo Londra, Peggy Gou, Ratones Paranoicos, Reybruja, Riize, Royel Otis, Róz, Ryan, Sabrina Carpenter, Saramalacara, Six Sex, Skrillex, Soledad, Spaghetti Western, Terra, The Dare, The Warning, Tiger Mood, Timø, Tobika, Turnstile, TV Girl, Tyler, The Creator, Viagra Boys, Victoria Whynot, Yami Safdie, Zell"
Beyond The Valley 2025,"December 27-January 1, 2026","Lardner, Australia","070 Shake, 49th & Main, Addison Rae, Afrodisiac b2b Baby G, Atrip, Bad Boombox, Balu Brigada, Bella Claxton, Ben Böhmer, Bertie Shanti, BL3SS, Boy Soda, Brent Honey, Bullet Tooth, Cassian, Channel Tres, Chloe Parche, Chris Stussy, Chromeo, Clouds, Cooper Smith, Cyril, Dice, DJ Heartstring, Dom Dolla, Dombresky, EGOISM, Emma Moon, Fcukers, Glaive, Honeyluv, House Mum b2b Haus of Ralph, I Hate Models, Inside Kru, Jane Remover, Jazzy, JoJo, Josh Baker, Juicy Romance, Julia Wolf, Kaiit, Kettama, Kid Cudi, Kilimanjaro, Larissa Lambert, Linska, Loosie Grind, Luude, Mad.Dav, Mallrat, Mell Hall, Miss Kaninna, Mon Franco, Morpheana, Narciss, Not Without Friends, Notion, Ollie Lishman, Patrick Mason, Pegassi, Prospa, Rona., Searlait, Sex Mask, Simone, Spacey Jane, SWIM, Syreeta, TEED, The Temper Trap, The Tullamarines, Tim O’Brien, Tina Disco, Torren Foot x Airwolf Paradise, Turnstile, TV Rock, VTSS, Willo, Young Franco, Zulán"
Home Bass 2025,"November 6-10, 2025","Orlando, FL",
808 Festival 2025,"December 5-7, 2025","Bangkok, Thailand","Charlotte de Witte, Dom Dolla, HNTR, Indira Paganotto, Juliet Fox, Maddix, Odd Mob, Pan-Pot, Reinier Zonneveld, Sammy Virji, Space 92, William Kiss"
Beyond Wonderland Chicago 2026,"June 6-7, 2026","Chicago, IL",
Electric Avenue Festival 2026,"February 27-28, 2026","Christchurch, New Zealand",
Gem and Jam 2026,"February 6-8, 2026","Tucson, AZ","5AM Trio, Aireloosch, Artifakts, Ben Dro, Bodykast, Boombox, Bush League, CloZee, Cool Customer, Desert Dwellers, Devault, Flamingosis, G Jones, Half Dead, High Step Society, Ivy Lab, J. Worra, Jason Leech, Koastle, Lapa, Legion of Mario, Liminoid, Lumasi, Lunarfluxx, Mental, Moontricks, Motifv, Mr. Bill, Nala, Naust, Satin Jackets, Saxsquatch, SIV, Speckz, Star Monster, Stevie Nova, Sunsquabi, Tauk, The Bennu, The Haze, The Polish Ambassador, Tripp St., Tropic Vibration, TroyBoi, TV Broken 3rd Eye Open, Tycho, Walters the Don, WonkyWilla, Yak Attack, Yheti, Zuze"
EDC Thailand 2026,"January 16-18, 2026","Phuket, Thailand","Afrojack, Alok, Angerfist, AniMe, Argy, Armin van Buuren, Axwell B2B Sebastian Ingrosso, Bashkka, Beltran, Ben Hemsley, Brennan Heart, Brunello, BUNT., Cassian, Chase & Status, Cole Knight, deadmau5, DJ Tennis, Dombresky, Eli Brown, Fisher, Gareth Emery, Goldie, GRiZ, Hedex, Henry Fong, Jessica Audiffred, Key4050, KI/KI, Klangkuenstler, Knock2, Lammer, Levity, Lilly Palmer, Little Fritter, Loco Dice, Loud Luxury, Lucaz, Mathame, Mija, MPH, Nina Kraviz, NOVAH, PARAMIDA, Partiboi69, Paul Oakenfold, Rossi., salute, Sara Landry, Seven Lions, sim0ne, Sound Rush, Suae, Sub Focus, Sub Zero Project, Svdden Death, Tape B, Taylor Torrence, Tiësto, Vertile, VTSS, Wilkinson, Wukong, X CLUB., YDG, Zedd"
Better Together 2025,"November 22-23, 2025","Phoenix, AZ","Aja Cruz, BOLO, DJ Pee.Wee aka Anderson .Paak, Dom Dolla, Duke Dumont, Fallon, J-ME LEE, Jungle, MK, Odesza, San Pacho, Starjunk 95, Tinashe, Zoe Gitter"
Mayday Festival Poland 2025,"November 10, 2025","Katowice, Poland","A.N.I., Alignment, Anfisa Letyago, Anna Kotlarska / Anhedash, Anna Reusch, Carla Roca, Collabs 3000, Fatima Hajji, Fernanda Martins & DJ LUKAS, Friends of MAYDAY, Giorgia Angiuli, Klaudia Gawlas, Mha iri, Michał Lazar, Mislaw, PETDuo, PETER PAHN, Richie Hawtin, Shlømo, Ueberrest"
Harbourlife 2025,"November 22, 2025","Sydney, Australia","Cloonee, Claptone, Deep Dish, D.O.D, Riordan, Rossi., Sophia, Tiff Cornish"
Iceland Eclipse 2026,"August 12-15, 2026","Hellissandur, Iceland","Ali Love, annu, Arc De Soleil, Ásgeir, Ash Lauryn, Bear Kittay, berlioz, Bless Sing, Bloomurian ft. Saoirse Watters, Booka Shade, Carbon Based Lifeforms, Cici, Curawaka, Daði Freyr, Dave Clarke, Davíð Svanur, Dhamika, DJ Andrea Jóns, DJ Margeir, dj. flugvél og geimskip, Dr Chrispy, East Forest, Eduardo Castillo, Emiliana Torrini, Exos, Fox Train Safari, Franko Heke, Fredrik Ferrier, gugusar, GusGus, Hjálmar, Hjaltalín, Högni, Hólmar “Acid Tourist”, Joaqopelli, John 00 Fleming, Karlakórinn Heiðbjört, Luana Schwengber, Macro/micro, MEDUZA³, Nightmares on Wax, ReOrientate, REW, RJD2, Ryan Crosson, SHAMANi, Shaun Reeves, Sísý Ey, Suduaya, Test Shot Starfish, TRPTYCH, Vök, Zero 7"
Polaris Festival 2025,"November 21-29, 2025","Verbier, Switzerland","Carl Craig, Danilo Plessow, DJ Deep, DJ Koze, Eva May, Flo Real, Honey Dijon, Jayda G, Laolu, Laurent Garnier, Marcel Dettmann, Marie Montexier, Mirko Loko, Moodymann, Nina Kraviz, Omar S, Suze Ijó, Sven Väth, Tereza, Toy Tonics Krew"
OZORA Festival 2026,"July 24-August 4, 2026","Dádpuszta, Hungary",
Forbidden Forest 2026,"June 4-7, 2026","Grantham, UK",
Groove Cruise 2026,"January 22-26, 2026","Miami, FL","Abyss, Adam Scott, Adina Butar, ÆON:MODE, AIMMIA, AIRRICA, Alley Kay, AMIDY, AMY WILES, ANGRYBABY, ANTHONY ATTALLA, Astley, AYYBO, AZZECCA, Barnyard, Bella Renee, BLANKE, BLASTOYZ, BLOSSOM, Brian G, Brookie, Bryan Lubliner, Carnival, CASSIAN, CHRIS LORENZO, Cicale, Cloonee, Coldharbour, CRISTOPH, DARUDE, Dave Neven, Davey Asprey, DAXSON, DEEPER PURPOSE, Deepfake, Devon James, DJ SUSAN, Doc Brown, Dose, DREYA V, Drums of the Sun, Dubyes, Embark, Essential Freaks, FALLON, GAWP, GENE FARRIS, GIRL MATH, GREEN VELVET, Grube & Hovsepian, Incorrect, JACKIE HOLLANDER, JASON ROSS, JDisco, Jen:KSS, JIGITZ, JOEL CORRY, John Summit, JOSHWA, Keith Christopher, Khomia, KsoFresco, KYLE WATSON, Kyllente, LAST HEROES, LAYTON GIORDANI, LE YOUTH, LEENA PUNKS, Lefti, LILLY PALMER, LINSKA, LOOFY, Luccio, LUCI, MARKUS SCHULZ, MASHBIT, MAX LOW, MAX STYLER, ME N Ü, MITIS, Ms. Behave, N2N, NALA, Nate Wyatt, Nathan Bliss, Nikita Page, NOTD, RANGER TRUCCO, Ravynzan, Re:Born, Rising Tides, Romeo, SABAI, SAM BLACKY, SARAH DE WARREN, Scooter & Lavelle, Scotty Boy, SCRIPT, Sean Tyas, Sebastian Morxx, Shannon Scott Williams, Siren’s Echo, SISTEK, SKILAH, Sonny W, STAR SEED, SWIMMING PAUL, Taking Back Emo, TARA BROOKS, Tee So, The Brothers Grim, THE SPONGES, The Trench, TOBEHONEST, Tony H, TORREN FOOT, Trance Jesus, TRIVECTA, Tyler Graves, VAVO, VINI VICI, Vintage 72, VNSSA, WAKIYN, Years of War"
Untold Dubai 2025,"November 6-9, 2025","Dubai, UAE","ALAN WALKER, ALE DE TUGLIE, ANDREA OLIVA, ARMIN VAN BUUREN, CANCELLED MUSIC, DJ BLISS, ERIC PRYDZ, GORDO, HOT SINCE 82, ILARIO ALICANTE, J BALVIN, KSHMR, LUCIANO, MARTIN GARRIX, MARWAN DUA, MËSTIZA, NERVO, STEVE AOKI, TOTO CHIAVETA, VANNY GRANATA, WIZTHEMC"
Transition Festival 2026,"September 22-28, 2026","Almonte, Spain",
Rise Festival 2025,"December 6-13, 2025","Les 2 Alpes, France","Archie Holmes, Arts of the Unknown, Atrip, Badger, Basslayerz, Ben Hemsley, Blk., Born on Road, Bosky, Caul.e, Charles McBain, Charlie Boon, Charlie Powell, Confidence Man DJs, Dan Burridge, Datsko, Diffrent, Dimension, DJSmackDaddy, Dr Dubplate, EFFY, Ella Jaya, Ellam, Enzo Is Burning, Freddyp, Gabriel Hopton, Gaskin, Harry Collett, Hybrid Minds + Tempza, Interplanetary Criminal, Jamie Unknown, Jezza & Jod, Josh Baker, Kanine, Kettama, Koven, Lens, Lumiere, Luuk Van Dijk, M_Unknown_D, Mala, Mas Que Nada Bros, Max Dean, Morgan Seatree, MPH, Notion, Obskür, On My Rosh, Overmono, Prestí, Prima, Reboot DJs, Riordan, Rossi., Ryan Arnold, Sam Hodkinson, Sarah Story, Serum, Shona Brophy, Sigma, Stimulant Disco, Tom Haigh, Vito, Wildish, Will Udall"
Bonnaroo Music Festival 2026,"June 11-14, 2026","Manchester, TN",
Worldwide Festival Sète 2026,"June 28-July 5, 2026","Sete, France",
Strawberry Fields Festival 2025,"November 21-23, 2025","Tocumwal, Australia","Afrosdisiac, Anu, Asanti Beats, Aurora Halal, Ayebatonye, Baby G, Becca Hatch, Bella Claxton, Bumpy, Chaos in the CBD, Circle of Live (ft. Albrecht La’Brooy, Move D, Sebastian Mullaert), Close Counters, Corto.Alto, D.D. Mirage, Danni B, Detroit Love ft. Carl Craig & Moodymann, Devuana, Dita, DJ PGZ, DJ Plead, DJ Sweets8et, DJ Zuzu, Dramagnon/Bricky B, Drifting Clouds, Ella Haber, Ella Thompson, Empress, Fafi Abdel Nour, Fantastic Man, Ferrari Party, Flewnt, Gene on Earth, Gilles Peterson, Horse Meat Disco, INNABEE, Interplanetary Criminal, Isabella, Jenny Cara, Jerome Thomas, Josh Cafe, Juman, Karen Nyame KG, Kinkulu, Kokoroko, Kuzco, Kyle Hall, Mamas Sneak, Mathew Jonson, Mazales, Merve, Millú, Minverva, Miss Kaninna, Moontide, Moopie, Namasenda, Nite Fleit, No News, No_4mat, Paula Tape, Peach, Pelvis, Pender Street Steppers, Primary Personality, Reptant, Rodriguez Jr., Roza Terenzi, Sampology, Serebii, Soju Gang, Solar Suite, Sugumar, Sui Zhen, The Pro-Teens (MF DOOM Tribute), Toni Yotzi, Ute.Rec, Vakho Paradiso, Violets 828, Warri, Wilson Tanner, Witch, Wrong Way Up, Xpress Point, Zac Renet, Zaltan"
Project Glow 2026,"May 30-31, 2026","Washington, DC",
Snowattack 2026,"January 17-24, 2026","Les Deux Alpes, France","Edo Denova, Fury, George Jr, Hybrid Minds, Imrik, Jauri, Korolova, Lucien, Mandin, Mike Vale, Oliv:R, Pelsomatic, Richie, Rotormotor, Soraya, Sviatko"
Ubbi Dubbi 2026,"April 24-25, 2026","Fort Worth, TX","Alesso, BUNT., Cloonee, Ganja White Night, Jade Cicada, Kai Wachi, Kx5, Loud Luxury, Of The Trees, San Holo, Tape B, TroyBoi, Zedd"
Summer Camp Music Festival 2026,"May 22-24, 2026","Chillicothe, IL",
Movement Detroit 2026,"May 23-25, 2026","Detroit, MI",
Snowboxx 2026,"March 14-21, 2026","Avoriaz, France",
Shambhala Music Festival 2026,"July 24-27, 2026","Salmo, BC",
Lollapalooza India 2026,"January 24-25, 2026","Mumbai, India","Ankur Tewari, Baalti, Bloodywood, BUNT., Calum Scott, Destroy Lonely, Excise Dept, Fujii Kaze, Gauley Bhai, Gini, Hamdi, Homixide Gang, Hot Milk, Karsh Kale, Kehlani, Ken Carson, Knock2, LANY, Linkin Park, Mother Mother, Mu540, MXRCI, Nate08, Nubiyan Twist, OAFF x Savera, Opium, Pacifist, Pho, Playboi Carti, Prithvi, Rounak Maiti, Rudy Mukta, Sammy Virji, Sen, Sijya, Still in Therapy, Sunflower Tape Machine, The Midnight, Trance Effect, Yungblud, Zokova, Zoya"
Tomorrowland Winter 2026,"March 21-28, 2026","Alpe d'Huez, France",
Bahidorá Festival 2026,"February 13-15, 2026","Morelos, Mexico",
Trance In The Woods 2026,"May 29-30, 2026","Newark, UK",
Trance In The Woods ,,,
Sunrise Festival 2026,"June 26-28, 2026","Lille, Belgium",
Envision Festival 2026,"February 23-March 2, 2026","Uvita, Costa Rica","Antaares, Ape Chimba, Artifakts, Awo, Bob Moses, Bosque Sound, BrainwaveZ, Bunny Wabbit, Bushman, Caleesi & Kreis, Camilo Poltronieri, Cedro, Cello Joe, Chmura, Christian Löffler, CloZee, Daily Bread, Deer Jade, Dimond Saints, Dirtwire, DVNEL, Earthstrong, Elias Doré, Elijah Ray, Emancipator, Escpe, Fabian Krooss, Fábula, Facundo Mohr, Flave, Footprints, Goldcap, Honeycomb, Invt, Juju, Justin Martin, Kermesse, Know Good, Kusht, Late Night Radio, Lazy Syrup Orchestra, Lemurian, Liarum, Loli Cósmica, Magisus, Malakita, Marcelo Berges, María Wabe, Mark Woodyard, Marques Wyatt, Mews, Mike Love, Mose, Mula, Nakury, Nickodemus, Palusanto, Parkbreezy, Parra for Cuva, Player Dave, Rampue, Random Rab, Riyoon, Rodrigo Gallardo, Santos y Zurdo, Saturna, Savej, Skysia, Snow Raven, Supertask, Swayló, Sydka, Tâches, TF Marz, Traveler, Tubby Isiah, Überhaupt & Außerdem, Urem, Yemanjó, Zuma Dionys"
Beyond Wonderland at The Gorge 2026,"June 27-28, 2026","George, WA",
Benicassim Festival (FIB) 2026,"July 16-18, 2026","Benicassim, Spain","Besmaya, Carlangas, Carlos Ares, Circa Waves, Deadletter, Julieta, Kaiser Chiefs, Lori Meyers, Niña Polaca, Nuevos Vicios, Paula Mattheus, Pendulum, Sexy Zebras, Sienna, Sophie Ellis-Bextor, The Kooks, The Prodigy, The Reytons, Walls"
Roots Picnic 2026,"*May 29-31, 2026","Philadelphia, PA",
Rave on Snow 2025,"December 12-14, 2025","Saalbach Hinterglemm, Austria","Adio F, AKA AKA, Alex Hövelmann, Alma, Anna Tur, Anna Z & J Manuel, Ask:Me, Biggie Schoellz, Carlos Martinez, Cats on Bricks, Chris di Perri, Chris Wood, Christian Klenner, Cinthie, Claus, Dajusch, Dee Rider, Dimmish, Domenic D’Agnelli, Einmusik, Elli Acula, Felix Kröcher, Fero Duman, Fiorella, FJAAK, Fletch, Gloria, Gregor Tresher, Groove Nomads, Haze, Heartleader, Jil Tanner, Joe Arabica, Juliet Sikora, Kalua Royal, Kerstin Eden, Lalena, Leeni & Danilo Kupfernagel, Lovra, Luna City Express, Mahilaa, Marcello, Marco Faraone, Marius Lehnert, Mathias Kaden, Matthias Tanzmann, Meat, Merissa, Moonbootica, Neverdogs, Nic Lorenz, Nick Curly, Nicola Septem, Nikk, Nikkush, Padre El Ferenco, Pappenheimer, Patz, Perfect Timing, Phil Fuldner, Prismode, Reboot, Rene Vaitl, Sam Paganini, Sante Sansone, Sarah Wild, Sebastian Reich, Several Inches, Simes, Simina Grigoriu, Solvane, Stefano Noferini, Steve Looney, Thomas Stieler, Tobi Neumann, Tomi & Kesh, Tonio Barrientos, Tube & Berger, Vincent Lang"
M3F Festival 2026,"March 6-7, 2026","Phoenix, AZ","Artemas, Avery Cochrane, Big Wild, Bricknasty, Chris Lorenzo, Cuco, Daily Bread, Dora Jar, Elderbrook, Jigitz, La Roux, Loukenan, Magdalena Bay, Mau P, Mild Minds, Neil Frances, Nimino, Of The Trees, Peggy Gou, Polo & Pan, Raecola, Rio Kosta, Salute, Seesooooo, The Knocks, ThxBby, Tokimonsta, Zhollis"
Roskilde Festival 2026,"June 27-July 4, 2026","Roskilde, Denmark","¥ØU$UK€ ¥UK1MAT$U, Adrian Quesada, Bad Gyal, Brutalismus 3000, Cobrah, DBN Gogo, Dean Johnson, Ela Lung, Ethel Cain, Folk Bitch Trio, Gorillaz, Hypnosis Therapy, Iglooghost, Joshua Idehen, Lojay, Maruja, Milkweed, Pa Salieu, Primitive Man, Sierra Ferrell, Snuggle, The New Eves, The Sophs, Tobias Rahim"
Summerfest 2026,"June 18-July 4, 2026","Milwaukee, WI",
Lost Village 2026,"August 27-30, 2026","Lincolnshire, UK",
Vive Latino 2026,"March 14-15, 2026","Mexico City, Mexico",
Clockenflap 2025,"December 5-7, 2025",Hong Kong,"Akasaki, ANDR, Astrology, Azabu Punks, Beth Gibbons, Bitter Tea of General Yeng, Bolis Pupul, Chilli Beans., Dave Clarke, Digitalism, Ellegarden, Franz Ferdinand, Godspeed You! Black Emperor, Jacob Collier, Jeremy Zucker, L’imperatrice, Marcin, Panther Chan, Passenger, Phum Viphurit, Puuluup, Rich Brian, Rikon, Riria, Robot Swing, RSD, Soccer Mommy, Sparks, Special Request, TV Girl, Vaundy, Yeule, Yoga Lin"
Phoenix Lights 2026,"*April 3-4, 2026","Phoenix, AZ",
Orange Warsaw Festival 2026,"*May 29-30, 2026","Warsaw, Poland",
Day Zero Tulum 2026,"January 10, 2026","Tulum, Mexico","Acid Pauli, Cinthie, Damian Lazarus, Indo Warehouse, Jamiie, Jonathan Kaspar, Le President, Lilya Mandre, Luch, Lum, Maria Nocheydia, Mau P, Maz, Mental, Metrika, Nicola Cruz, Omri, Perel, Puma, Rigo Polar, Seth Troxler, Sidartha Siliceo Project, Silvie Loto, Superpitcher, Traumer, Vintage Culture, Zombie Affair"
Electric Mountain Festival 2026,"April 13-18, 2026","Sölden, Austria",
Lightning in a Bottle 2026,"May 20-24, 2026","Bakersfield, CA",
Paaspop 2026,"April 3-5, 2026","Schijndel, Netherlands","Acda en De Munnik, AMAEZING SNAKE, Antoon, Arp Frique & The Perpetual Singers, Baby Lasagna, Batmobile, Bente, Bilal Wahib, Bizzey, Bökkers, Cabaret Club, Chibi Ichigo, Chris Stussy, Cian Ducrot, Dansado & de Feestmeester Trip Down Memory Lane, DE JEUGD VAN TEGENWOORDIG, De Nachtwacht, Deadletter, Def, DI-RECT, Dikke, Dio, Doe Maar tribute Winnetoe, Dubioza Kolektiv, Equal Idiots, Ferocious Dog, Gezellige Uptempo, Gruppa Karl-Marx-Stadt, HORSEGIIRL, Idaly, INTERPLANETARY CRIMINAL, Jesse Hoefnagels, Joël Domingos, Jools, K3, Käärijä, Karen Dió, Kensington, Kevin, KM, KYBBA, LezArts du Soleil, Lord Bishop Rocks, LUNA, MARCO SCHUITMAKER LIVE & BAND, Milolaathetlukken, Mr. Polska, Native James, Nova Twins, Outsiders, PACESHIFTERS PLAY NIRVANA, Pegassi, PENDULUM, Pommelien Thijs, Prima Nocta, QUEEN 4 STRINGS, RACOON, REARVIEW MIRROR, Rijck, Russo, S10, SAMUEL WELTEN LIVE MET BAND, Scooter, Splendid, SPRINTS, SUBLIMINAL VERSES, Suzan en Freek, TAXITAXI, THE DIRTY DADDIES, The Gathering – 30 jaar Mandylion, The Saints, THE ZAC SCHULZE GANG, TOM ODELL, Triggerfinger, Turfy Gang, Veulpoepers 3.0, Warmduscher, WC Experience, Willie Wartaal, Wind Rose, Zwangere Guy"
Hideout Festival 2026,"June 30-July 3, 2026","Pag, Croatia",
Rock En Seine 2026,"August 26-30, 2026","Paris, France","Nick Cave & The Bad Seeds, The Cure, Tyler, The Creator"
Sonar Barcelona 2026,"June 18-20, 2026","Barcelona, Spain",
SXM Festival 2026,"March 18-22, 2026",Saint Martin,"&Friends, Andhim, Carl Cox, Deep Dish, Elderbrook, Eli Fola, Kadosh, Layton Giordani, Lee Burridge, Lumia, Marten Lou, Maxi Meraki, Natascha Polké, Nimino, Rafael, Sistek, Spencer Brown, Tripolism, Yamagucci, Yet More"
Departure Festival 2026,"May 1-6, 2026","Toronto, ON",
Intents Festival 2026,"June 5-7, 2026","Oisterwijk, Netherlands",
Awakenings Upclose 2026,"May 16-17, 2026","Spaarnwoude, Netherlands",
Rhythm and Vines 2025,"December 29-January 1, 2026","Gisborne, New Zealand","070 Shake, 1tbsp, A-Trak, ALI-B, Atarangi, BL3SS, Borderline, BRODERBEATS, Club Angel, Coast Arcade, Corners, Corrella, Cyril, DONS, ELLA MONNERY, Ella Monnery, Emerson, Emily Makis, Esha Tewari, EX-FREQ, FCUKERS, FFAR, Good Neighbours, Gray, HATRICK, Home Brew, Hori Shaw, HOSSY, Inji, Inmotion, JAMIL ŚABDA, Jane Remover, JUNI, Kanine, Kid Cudi, L.A.B, LADY JESUS, Lance Savali, Liberty, Linska, Marc Rebillet, Maribou State, Mikeyy, MILAN, Mozey, MYLEN, Ned Bennett, Notion, ONIT, Pirapus, REASXN, Sam Gellaitry, Sex Mask, Skepsis, SLAPS, SLESS, SOTA, Swimming Paul, Te Wehi, There’s a Tuesday, Turnstile, Vitamin Cos, Where’s Jai, Wilkinson, ZOZO"
Karnaval Festival 2026,"February 14-15, 2026","Tilburg, Netherlands",
Kala Festival 2026,"June 3-10, 2026","Dhërmi, Albania","AKA Juan, Certain People, Club Magic, Coco Maria, DMX Krew, Do!! You!!! Radio: Charlie Bones & Sarahtonin, Dr Banana, Eris Drew & Octo Octa, Erleta, Eternal Love, Gabrielle Kwarteng, Gee Contreras, Gene On Earth, Ger Kacerja, Habibi Funk, Haseeb Iqbal, John Gómez, Laurine & Cecilio, Lovetime Guarantee, Luke Una, Melody, Moe, Moodymann & Marcellus Pittman, Nick The Record, Nu Genea Live Band, Ogazón & Ryan Elliott, Palms Trax, Paula Juana, Pellegrino & Zodyaco, S. Moreira & Band, Secretsundaze, Soho, Sonja Moonear, Sound Metaphors DJs, Stella & The Longos, Stella Zekri, The Ghost, Uj Pa Gaz"
Djakarta Warehouse Project 2025,"December 12-14, 2025","Bali, Indonesia","¥ØU$UK€ ¥UK1MAT$U, Calvin Harris, Charlotte de Witte, Cyril, Dipha Barus, Dubvision, Fisher, Hugel, Matisse & Sadko, NIFRA, Paul Van Dyk, Skrillex, Steve Angello, Third Party, WHISNU SANTIKA"
Noise Pop 2026,"February 19-March 1, 2026","San Francisco, CA","Beats Antique, Boyscott, Chime School, Christopher Owens, Cleo Reed, Clipping., DeVotchKa, Esther Rose, First Day Back, Glitterer, Graham Hunt, Hudson Freeman, Hugo de la Lune, Jamie Fine, Jeffrey Lewis & The Voltage, KnumeaRs, Living Hour, New Jazz Underground, Phil Manzanera, Playboy Manbaby, Prize Horse, Rhydian Dafydd, Rum.gold, Shannon Shaw, Shy Western, SML, Summer Salt, The Family Crest, The Joy Formidable, The Pains of Being Pure at Heart, Tortoise, Veotis Latchison, VS Self, Wabie, Winston Surfshirt, Yellow Days"
Sunny Side Festival 2026,"May 15-17, 2026","Attard, Malta",
Dekmantel Selectors 2026,"August 20-24, 2026","Tisno, Croatia","20/44, Adriatic Coasting, Alex Kassian, Alfred Anders, AMORAL, Antal, BADSISTA, BASHKKA, Bassiani, Benji B, Binh & Vladimir Ivkovic, Blasha & Allatt, Brighter Days, CCL, Charlie Bones, Coffintetxs, COLORS x Studio Strip, Courtney Bailey, Danielle, Deetron pres. Soulmate, Dekmantel Soundsystem, Dirtydms, DJ Godfather, DJ Koolt & Quest, Doudou MD, Efdemin, Elias Mazian, Fadi Mohem & Ogazón, HAMAM Nights, Hamatsuki & Skyra, Hamsterlang, Homegrown, Hunee & Optimo, Identified Patient, Ilian Tape, Introspekt, Jesse G, Job Jobse & Peach & Shanti Cinnaman, Jyoty & Cinnamon, Kamma, Karen Nyame KG, Kléo, La Cassette, Loradeniz, mad miran, Marcel Dettmann, Metz Attack, Mia Cecille, Mia Koden, Mr. Scruff, nachbar, Naone, Nick León, NIKS, Nina Welch, Opium Club, Orpheu the Wizard, Palms Trax, Paquita Gordon & Francesco Del Garda, Peverelist, PIP, Ploy, pos, Post Bar, Private Hearts, PULP, Radio Radio, Radio TNP, Robert Bergman, Roel de Boer, Roi Perez, Ron Trent, Rozaly, Rush Hour, Sandrien, Satoshi, Sedef Adasi & L.B. Dub Corp, Sepher, Simo Cell, Spielraum, State OFFF, Sterac Electronics, Suze Ijó, T.N.O, Tai Lokun, Tim Reaper & Dwarde, TraTraTrax, upsammy, Verraco & Kia, Victor, Virginia, Vitesse & Noar, Vlada, Young Marco, Zenker Brothers"
BERGFESTival 2025,"December 5-6, 2025","Saalbach-Hinterglemm, Austria","Marteria, Donots, H-Blockx, Sondaschule, Blackout Problems, Turboier, DJ Arnim Teutoburg-Weiss, Drew Barrymore"
DGTL Festival Amsterdam 2026,"April 3-5, 2026","Amsterdam, Netherlands",
Stone Techno Festival 2026,"July 10-12, 2026","Essen, Germany",
Hospitality Weekender 2026,"January 30-February 2, 2026","Bognor Regis, UK","[IVY], 2Shy MC, A Little Sound, ALB, Anaïs, Andromedik, Audio, Audit, Ayah Marar, BCee, Bladerunner, Bryan Gee, Camo & Krooked, Carasel, Charla Green, Clipz, Cloud Lord, Crystal Clear, Daddy Earl, Danny Byrd, Daxta, Dazee, Deefa, Dilemma, Distorted Minds, DJ Hype, DJ Storm, Dynamite MC, Ed Rush, Eksman, Ena, Evil B, Flava D, Fred V, Gifta, Harry Shotta, Hedex, Herbié, Hoax, IC3, Imo-Lu, InsideInfo, Inter, Jakes, John B, Jumpin Jack Frost, Kanine, Kasra, Kid Hops, Kings of the Rollers, Krust, Kyrist, Lemo N, Lowqui, Makoto, Mandiextrose, Mantmast, MC AD, MC GQ, MC ID, Mel, Metrik, Moose, Mozey, Natty Lou, Need For Mirrors, Nicky Blackmarket, Nu:Tone, Optical, P Money, Promo Zo, PVC, Rage, Ray Keith, Riya, Roni Size, Ruthless, RymeTyme, S.P.Y, Samurai Breaks, Savannah, Sota, Sweetpea, Technimatic, Texas, TheLna, Tiny K, Trimer, Twista, V O E, Westman, Whiney, Winslow, Zero T"
Forbidden Kingdom Festival 2026,"April 25-26, 2026","Orlando, FL",
Ikarus Festival 2026,"May 22-25, 2026","Memmingen, Germany",
Cercle Festival 2026,"May 22-24, 2026","Paris, France",
VELD Music Festival 2026,"July 31-August 2, 2026","Toronto, ON",
Lollapalooza Berlin 2026,"July 18-19, 2026","Berlin, Germany",
Palm Tree Festival Aspen 2026,"February 20-21, 2026","Aspen, CO","Blond:ish, Blu DeTiger, Calvin Harris, Cloonee, Jackie Hollander, Kygo, Mau P, Sammy Virji, Slenderbodies, Victoria Nadine"
Chamonix Unlimited Festival 2026,"March 25-29, 2026","Chamonix, France",
7th Sunday Festival 2026,"May 24, 2026","Erp, Netherlands",
WOMADelaide 2026,"March 6-9, 2026","Adelaide, Australia","Åkervinda, Alogte Oho & His Sounds of Joy, Annahstasia, Any Young Mechanic, Ashkan Shafiei, Asmâa Hamzaoui & Bnat Timbouktou, Australian Art Orchestra with Kojoe & Hikaru Tanaka – Raw Denshi, Baker Boy, Balaganesan & Bageswari, BARKAA, Beoga, Bhutan Balladeers, Blinky Bill, Bobby Alu, BVT, Crazy P, Daughters of Donbas, Derya Yıldırım & Grup ŞimŞek, Džambo Aguševi Orchestra, Ganavya, GANNA, Iron & Wine, Jalen Ngonda, Jyoty, Kankawa Nagarra, La Perla, Lewis Major Projects – Triptych Redux, MĀ, Mantis, Marlon Williams, Maryam Rahmani, My Chérie, Nattali Rize, Obongjayar, Orange Blossom, Roberto Fonseca, Rosas — Rosas Danst Rosas, Anne Teresa De Keersmaeker, Sama’ Abdulhadi, The Lazy Eyes, The Zawose Queens, Troy Cassar-Daley, Xylourides, Yothu Yindi, Yuka Okazaki"
Joshua Tree Festival Spring 2026,"May 14-17, 2026","Joshua Tree, CA",
Sneeuwbal Winter Festival 2026,"January 31, 2026","Utrecht, Netherlands",
Beyond The Pale Festival 2026,"June 12-14, 2026","Glendalough Estate, Ireland",
Hospitality On The Beach 2026,"July 1-6, 2026","Tisno, Croatia",
Ocaso Festival 2026,"January 23-24, 2026","Jacó, Costa Rica",
Mystic Garden Festival 2026,"August 21-23, 2026","Amsterdam, Netherlands",
Leeds Festival 2026,"August 27-30, 2026","Leeds, UK",
Hurricane Festival 2026,"June 19-21, 2026","Scheessel, Germany",
Up The Creek 2026,"February 5-8, 2026","Cape Town, South Africa",
Field Day Festival 2026,"May 23, 2026","London, UK",
Parklife Festival 2026,"June 20-21, 2026","Manchester, UK",
Pitch Festival 2026,"March 6-10, 2026","Moyston, Australia","Alarico, Âme DJ, Andy Garvey b2b DJ Scorpion, Aquenta, Bailey Ibbs, Benwal, Bitter Babe LIVE, Brown Suga Princess, C.FRIM, CC:DISCO! b2b DJ JNETT, Charlotte de Witte, Ciara, Dee Diggs, DESIREE, DJ Hyperdrive, DJ Nobu, Djrum, Eris Drew & Octo Octa, Estella Boersma, Ewan McVicar, Faster Horses, Girls Don’t Sync, Hadone LIVE, Hannah D b2b Moopie, Jen Cardini b2b Pablo Bozzi, Job Jobse, Jyoty, Kyle Starkey, LB aka LABAT LIVE A/V, LOVEFOXY, Manuka Honey, MARRØN, Mikalah Watego, Myles Mac b2b DJ Possum, Odymel, OK Williams, Palms Trax, Pangaea, Rakhi, RAMSEY, Rita Bass, Sally C, Sam Alfred, Sama’ Abdulhadi, Saoirse, Sedef Adasï, Sleep D b2b Jennifer Loveless, Soul Mass Transit System, Special Request, Spray pres. Spriitzz LIVE, STÜM, The Trip, Tina Disco, Vladimir Dubyshkin HYBRID, WOLTERS, WVCHWY, Yasmin Gardezi, Yikes, Yu Su, Yung Singh"
Wild Horses Festival 2025,"December 4-7, 2025","Victoria, Australia","Adeus, Alien Frequencies, Artmis, Auspice, Azrin, Banjhaks, Bekla & Loren Spinner, Ben Wild, Bini, Cellaphod DJ, Chuka, Daniel Sun, Dardi, Dekel, Drip Drop, Eat Static, Ebony Willis, Eridanus, Eukai, Farebi Jalebi, Forbidden Moves, Humanoids, Hypnagogo, Illumination, Iron Bark, Jedidiah, Jeffers, Jonathan Davies, Jumpstreet, Kofdaddy, Liam Sieker, Megapixel, MK Ultra, Montana Azul, Moskalin, Nige, Particle, Persona, Pinaeto, Purist, Ridden, River, Sandman, Shtuby, Slinky Wizard, Sriracha, Terraprafrctyl, Tetrameth, Tom Baker, Unknown Concept, Wunderkind, Yarock, Zahlia"
Don’t Let Daddy Know Amsterdam 2026,"March 7, 2026","Amsterdam, Netherlands",
INmusic Festival 2026,"June 22-24, 2026","Zagreb, Croatia","Idles, Gorillaz, Jack White"
Spring Break Island 2026,"May 22-26, 2026","Pag Island, Croatia",
Let It Roll Winter 2026,"February 20-21, 2026","Prague, Czech",
Sundown Alaska 2026,"June 12-14, 2026","Anchorage, AK",
Escapade Festival 2026,"June 26-28, 2026","Ottawa, ON",
Rong Open Air Malta 2026,"May 7-10, 2026","Attard, Malta",
Sea Star Festival 2026,"May 28-31, 2026","Umag, Croatia",
Paradise City 2026,"June 26-28, 2026","Perk, Belgium",
Nameless Festival 2026,"May 30-31, 2026","Lake Como, Italy",
Ultra Buenos Aires 2026,"February 14-15, 2026","Buenos Aires, Argentina",
Hive Festival 2026,"June 19-21, 2026","Ferropolis, Germany",
Liverpool Sound City 2026,"May 2-3, 2026","Liverpool, UK",
Rhythm and Alps 2025,"December 30-31, 2025","Wanaka, New Zealand","Antz, Bad Birds, Badger, Bare Up, Beccie B, Bevel, C100, Cash, Catch-22, Catching Cairo, Chaos in the CBD, Communicate, Connor Tomoana, Corrella, Dadada, Deep Notion, Descendants, Dick Johnson, Dirtygerdi, Dizzee Rascal, Dom Dombresky, Fairbrother, Fiona & The Glow, Fish56Octagon, Flygrrl, Gentlemens Club, Giorgio Bot b2b Andiamo, Gordøø&Teej, Halfqueen, Indecisive, Inmotion, Jack Ritchie, Kanine, Knox, Kurupt FM, Lady Shaka, Lars Moston, Miss Batsy, Miss Jane, Natty Lou, Nice Girl, P Digsss, Pages Layn, Parry, Rare Specimens, Rayza x Darren Bailey, Rinza, Rudim3ntal, Sandfly, Santigold, Seymore, Storm, Suune, Swimming Paul, Synthony, Th’ Goodside, The Black Seeds, Thief, Touch Point, Yunset"
Friendship 2026,"January 18-22, 2026","Miami & Harvest Caye, Belize","Ardalan, Armonía, Bob Moses, Bones, Boys Noize, Brunchlife, Chambord, Christian Martin, Craze, Danny Daze, Defied, Destructo, Dickbutts, Disrupta, Dita Von Teese, DJ Soup, Doc Martin, Doorly, Downlo, Flava D, Gary Richards, Gaslamp Killer, GrooveWell, HD-4884, Honeycomb, Jason Bentley, Joanna Magik, JPhlip, Justin Martin, Kaz James, Know Good, Köl, Liquid Todd, LSDXOXO, Lyny, Madam X, Marques Wyatt, Mary Droppinz, Mike Dunn, Mikey Lion, MNTRA, Mr Koolaid, Mz Worthy, New Steve, Nina Las Vegas, Nxsty, Omicasa, Pineo & Loeb, Polo & Pan, Reset, Sam Binga, Shooka, SkiiTour, Smalltown DJs, Syquest, T3MPR, Tchilt, The Martin Brothers, The Twerkaholicz, Wabin, Walschläger, Zander"
Golden Plains 2026,"March 7-9, 2026","Meredith, Australia","BASEMENT JAXX, BECCA HATCH, BLEAK SQUAD, CRAZY P, CUT CoPY, DERYA YILDIRIM & GRUP ŞIMŞEK, DJRUM, FRANÇoIS K, FRoST CHILDREN, GEoRGIA KNIGHT, JALEN NGONDA, KEE’AHN, MARLoN WILLIAMS, NoURISHED BY TIME, oBONGJAYAR, oK WILLIAMS, PAQUITA GORDON, PUBLIC FIGURES, SIDNEY PHILLIPS, SMERZ, THIS IS LORELEI, TY SEGALL, UPCHUCK, WATER FROM YOUR EYES"
Mallorca Live Festival 2026,"June 11-14, 2026","Calvià, Spain",
NOS Alive 2026,"July 9-11, 2026","Lisbon, Portugal","Pixies, Lorde, Wolf Alice, Florence + the Machine, Teddy Swims"
Caprices Festival 2026,"March 13-22, 2026","Crans-Montana, Switzerland",
Florida Groves Fest 2026,"April 11-12, 2026","Orlando, FL",
Force Fields 2026,"June 5-6, 2026","Cadott, WI",
Palm Tree Festival West Palm Beach 2026,"February 14, 2026","West Palm Beach, FL","Beau Cruz, Ben Nigrelli b2b Ginger, BUNT., Calvin Harris, Kygo, Sofi Tukker, Victoria Nadine"
Love International 2026,"July 8-14, 2026","Tisno, Croatia","Binh, Call Super, Chez de Milo, Christian AB, Craig Richards, Crazy P, Daniel Avery, Danielle, Dave Harvey, Decius, DJ Masda, dj sweet6teen, Dr Banana, Dresden, Ellie Stokes, Fold, Francesco Del Garda, ÍÑIGO VONTIER, Kia, Lola Haro, Lukas Wigflex, Luke Una, mad miran, Mathew Jonson, Midland, Moxie, Nicolas Lutz, Nightmares on Wax, OK Williams, Optimo, Palms Trax, Peach, Powder, Priori, Prosumer, Reptant, Roman Flügel, Saoirse, Sean Johnston, Shanti Celeste, Sugar Free, Unai Trotti, Vladimir Ivkovic, Z@p"
Rabbits Eat Lettuce 2026,"April 2-6, 2026","Brisbane, Australia",
Land Beyond Festival 2026,"May 1-3, 2026","Brighton, UK",
Land Beyond Festival ,,,
We Love Green 2026,"June 5-7, 2026","Paris, France",
Cosquin Rock 2026,"February 14-15, 2026","Cordoba, Argentina","1915, Abel Pintos, Agarrate Catalina, Airbag, Amigos de Artistas, Anida, Arkadian, Babasónicos, Bandalos Chinos, Beats Modernos, Bersuit Vergarabat, Blair, Brigado Crew, Bruk, Bulldozer Blues Band, Caligaris, Caras Extrañas, Chechi de Marcos, Ciro y Los Persas, Cordelia Andrada, Coti, Cruzando el Charco, Crystal Thomas & Luca Giordano, CTM, Cuarteto de Nos, David Ellefson, Deer Jade, Devendra Banhart, Dillom, Divididos, Dorian, Dum Chica, El Club de la Serpiente, El Kuelgue, El Plan de la Mariposa, El Zar, EMM, Eruca Sativa, Estelares, Fantasmagoria, Fito Páez, Franky Wah, Franz Ferdinand, Gauchito Club, Gauchos de Pampa, Girl Ultra, Gisa Londeiro & Toyo Bagoso, Glauco Di Mambro, Golo’s Band & Anastasia Amarante, Grasshopper, Guasones, Gustavo Cordera, Hermanos Gutiérrez, Indios, Jóvenes Pordioseros, Kapanga, Kill Flora, Kölsch, La Franela, La Mississippi, La Vela Puerca, Labios de Sal, Lali, Las Pastillas del Abuelo, Las Pelotas, Las Witches, Lehar, Les Diablettes, Les Dracs, Los Espíritus, Los Mentidores, Los Pericos, Lourdes Lourdes, Louta, Malandro, Mariano Mellino, Marilina Bertoldi, Marky Ramone, Matthias Tanzmann, Microtul, Misty Soul Choir, Morat, Nina Portela, Niño Monja, Pablo Fierro, Pappo x Juanse, Peces Raros, Perro Suizo, Piti Fernández, Renzo Leali, Rosy Gomez, Rudy, Ryan, Santiago García, Silvestre y La Naranja, Six Sex, Sofi Mora, T&K, Tango & Roll, The Chemical Brothers, Trueno, Turf, Un Muerto Más, Valentín Huedo, Victoria Whynot, Viejas Locas x Fachi y Abel, Wanda Jel, Wayra Iglesias, Ximena Monzón, Ysy A"
Untold Festival 2026,"August 6-9, 2026","Cluj, Romania",
Kappa FuturFestival 2026,"July 3-5, 2026","Turin, Italy",
Sunburn Festival 2025,"December 19-21, 2025","Vagator, India","39Kingdom, Above & Beyond, Afterall, Akhlad Ahmed, Almost Human, Ana Lilia, Arcane, Axl Stace, Axwell, Bloodyy Mascara, Boho, Bullzeye b2b Sequ3l, Candice Redding, D-Rain, David Guetta, DJ Aryan, DJ Dali, DJ Ganesh, DJ Lion, DubVision b2b Third Party, Greff, Houdini, Julia Bliss, Kahani, Kollision, Kshitij, Kunal Merchant, Lady Barot, Layla Benitez, Mathame, Møblack, Monika Starling, Mr. Ciao, Nariki, Nirvaan, Nobilis, Novak, Omiki, Pierre Ravan, Priyanjana, Pro Bros, Ravetek, Reallmm, Richie Hawtin, Sara Landry, Sartek, Script, Seawave b2b Skysnyc, Shiva Manvi, Siana Catherine, Sixth Ocean, Sound Avtar, Steve Levi, Swish, Teri Miko, Thugnaari, Tomy Wahl, TSNR, Tungevaag, U-Dit, Vini Vici"
Extrema Outdoor Belgium 2026,"May 22-24, 2026","Houthalen-Helchteren, Belgium",
Desert Hearts Festival 2026,"July 2-6, 2026","Flagstaff, AZ",
Let It Roll 2026,"July 30-August 1, 2026","Most, Czech",
Shapes Festival Leysin 2026,"March 15-22, 2026","Leysin, Switzerland","AN:SU, Antal, Ash Lauryn, Astrojazz, JAEL, Jimmy Jammin’ b2b Marti-Time, Kasheme Soundsystem, Leopold, Marcellus Pittman, Ohm Sweet, Optimo b2b Move D, Patrick Steele, Perlair, Pitaya Soundsystem, Rebecca Vasmant, ReQuinha, Santa Leticia, Sofia Kourtesis, Thiago Rosa"
Rainbow Disco Club 2026,"April 17-19, 2026","Inatori, Japan",
Enter the Snow 2026,"March 7-14, 2026","Via Lattea, Italy",
Showcation 2026,"May 15-17, 2026","Darlington, MD",
Time Warp Germany 2026,"March 21, 2026","Mannheim, Germany",
In It Together Festival 2026,"May 22-24, 2026","Port Talbot, Wales",
In It Together Festival,,,
Elements Music Festival 2026,"August 7-9, 2026","Long Pond, PA",
Les Ardentes Festival 2026,"July 2-4, 2026","Liège, Belgium",
Lakefest 2026,"August 5-9, 2026","Ledbury, UK",Madness
Triip Festival 2026,"May 29-31, 2026","Bugibba, Malta",
Snowbombing 2026,"April 11, 2026","Mayrhofen, Austria","4am Kru, Basslayerz, De La Soul, East End Dubs, Ellia Jaya, Emerald, Fish560ctagon, Folamour, Gaskin, Girls Dont Sync, Horsemeat Disco, Hot 8 Brass Band, Hybrid Minds, Interplanetary Criminal, Jess Iszatt, Kirollus, LP Rhythm, Lulah Francs, Maribou State, MJ Cole, Obskür, Oppidan, Orbital, Silva Bumpa, Sim0ne, Sota, Sub Focus, Woody Cook"
Southside Festival 2026,"June 19-21, 2026","Neuhausen Ob Eck, Germany",
Fuji Rock Festival 2026,"July 24-26, 2026","Niigata, Japan",
Field Day Sydney 2026,"January 1, 2026","Sydney, Australia","Atomic Kiss, Bag Raiders, Belters Only, Bl3ss, Carl Cox, Charlotte Plank, Chase Zera, Cyril, Deborah De Luca, Djanaba, Eva Charley, Fish56octagon, Jamie Jones, Jarred Baker, Jessi Lowkey, Kölsch, Patrick Mason, Patrick Topping, Sota, Stüm, Swimming Paul, The Presets, Tomgraaam, Troy Beman, Yemi Sul, ZOTDOTCOM"
Tribal Gathering 2026,"February 27-March 16, 2026","Playa Chiquita, Panama",
NorthSide Festival Denmark 2026,"June 12-6, 2026","Aarhus, Denmark",
Awakenings Summer Festival 2026,"July 10-12, 2026","Hilvarenbeek, Netherlands",
Boomtown 2026,"August 12-16, 2026","Hampshire, UK","999999999, Alborosie & Shengen Clan, Antony Szmierek, Ashnikko, Bad Manners, Big Special, Brutalismus 3000, Camo & Krooked, Diffrent, Elvana, Eve, Faithless, Floating Points, Four Tet, Gentleman’s Dub Club, Groove Armada, Havoc of Mobb Deep, High Vis, Kilimanjaro, Kings of the Rollers, Kneecap, L’Entourloop, Less Than Jake, Madness, Marlon Hoffstadt, Mungo’s Hi Fi All Stars, Nimino, Notion, Oguz, Princess Nokia, Sampa the Great, Scissor Sisters, Scooter, Shaggy, Sherelle, Shy FX, Skindred, Skrillex, Vengaboys, Wilkinson"
Beats for Love 2026,"July 1-4, 2026","Ostrava, Czech",
Breakfast Of Champions Block Party 2026,"January 1, 2026","San Francisco, CA","Green Gorilla Lounge, Groovewell, Hacienda, Heavy Petting Zoo, Micah’s Funland, Monarch, Polyglamorous, Space Cowboys, Squish, Sunset Sound System, Texture Summit"
Luminosity Beach Festival 2026,"June 25-28, 2026","Overveen, Netherlands","Ahmed Helmy, Amy Wiles, Asteroid, BLR, Bryan Kearney, Ciaran McAuley, Cor Fijneman, Danjo & Rob Styles, David Forbes, Digital Culture, Doppenberg, Dumonde aka JamX, Egle Andaya, Enigma State, Estiva, Factoria, Frankyeffe, Greg Downey, Indecent Noise, Jarrell Systems, Jocyhauser, John 00 Fleming, John Askew, John O’Callaghan, Jonas Stenberg, M.I.K.E. Push, Manuel Le Saux, Neelix, Nifra, Orkidea, Paul Denton, Paul Denton & Will Rees, Paul van Dyk, Pedro Del Mar, Ralphie B, Richard Durand, Roger Shah, Sam Mitcham, Simon Patterson, Sinful Biz, Sophie Sugar, Space 92, The Rocketman, The Thrillseekers, Thomas Schumacher, VE/RA, Will Atkinson, Will Rees, XiJaro & Pitch"
Terminal V Festival 2026,"April 18-19, 2026","Edinburgh, Scotland",
Seoul World DJ Festival 2026,"June 13-14, 2026","Seoul, South Korea",
The Untz Festival 2026,"May 8-10, 2026","Browns Valley, CA",
The Great Estate Festival 2026,"May 29-31, 2026","Redruth, UK",
Chasing Summer 2026,"*August 1-2, 2026","Calgary, AB",
Bass Coast 2026,"July 10-13, 2026","Merritt, BC",
Boardmasters 2026,"August 5-9, 2026","Newquay, UK",
Elevate Festival 2026,"February 25-March 1, 2026","Graz, Austria",
Down The Rabbit Hole 2026,"July 3-5, 2026","Beuningen, Netherlands",
Time Warp USA 2025,"November 21-22, 2025","Brooklyn, NY","Beltran b2b Ben Sterling, CatLadyHi, Deborah De Luca, Dee Diggs, Dennis Ferrer b2b Kerri Chandler, DJ Heartstring b2b Partiboi69, Katie Rex, Kim Ann Foxman, LOVEFOXY, Nico Moreno, Quest, Sara Landry, SPFDJ, Sven Väth, T.B.A., The Blessed Madonna, Trym, X-Coast"
Quebec City Summer Festival 2026,"July 9-19, 2026","Quebec City, QC",
Latitude Festival 2026,"July 23-26, 2026","Suffolk, UK","Alex James, Alice Phoebe Lou, Billy Ocean, David Byrne, Dry Cleaning, English Teacher, Florence Road, Getdown Services, Just Mustard, Keo, Kevin Morby, Lewis Capaldi, Self Esteem, Teddy Swims, The Flaming Lips, The Last Dinner Party, Tom Grennan, Tom Odell, Vanessa Carlton, Westside Cowboy, Wet Leg"
Electric Love 2026,"July 9-11, 2026","Salzburgring, Austria",Swedish House Mafia
Bass Canyon 2026,"August 14-16, 2026","George, WA",
WiSH Outdoor 2026,"*July 3-5, 2026","Beek en Donk, Netherlands",
Nuits Sonores 2026,"May 13-17, 2026","Lyon, France",
Rampage Open Air 2026,"July 2-5, 2026","Lommel, Belgium",
Shindig Festival 2026,"May 21-24, 2026","Malmesbury, UK",
Snowbeat Festival 2026,"February 28, 2026","Wittenburg, Germany",
Teddy Rocks 2026,"May 1-3, 2026","Blandford, UK",
Teddy Rocks Festival,,,
Moovin Festival 2026,"June 12-14, 2026","Stockport, UK",
Moovin Festival,,,
Big Dub Festival 2026,"July 21-26, 2026","Artemas, PA",
Mayday Festival Dortmund 2026,"April 30, 2026","Dortmund, Germany",
Anjunadeep Explorations 2026,"June 11-16, 2026","Dhermi, Albania",
Heartland Festival 2026,"June 18-20, 2026","Kværndrup, Denmark",
Mile of Music 2026,"July 30-August 2, 2026","Appleton, WI",
Best Kept Secret Festival 2026,"June 12-14, 2026","Hilvarenbeek, Netherlands","∑tella, Amaarae, Ata Kak, Blood Incantation, Bruno Berle, Don West, Ethel Cain, Getdown Services, Gorillaz, Jack White, Job Jobse, Joey Valence & Brae, Lucky Done Gone, Mac DeMarco, MAVI, Mên An Tol, Mula B, Nick Cave & The Bad Seeds, Sammy Virji, Sef, Skullcrusher, Sophie Straat, Tramhaus, Tropical Fuck Storm, Wolf Alice"
Metronome Festival 2026,"June 19-21, 2026","Prague, Czech","CHEZILE, COBRAH, ELA MINUS, FLETCHR FLETCHR, JUDELINE, KENNYHOOPLA, MANIC STREET PREACHERS, MICO, NICK CAVE & THE BAD SEEDS, OVERPASS, SLOWDIVE, STING, TEI SHI, THE FLAMING LIPS, YES AND MAYBE"
Copenhagen Distortion Festival 2026,"June 3-7, 2026","Copenhagen, Denmark",
Rewire Festival 2026,"April 9-12, 2026","The Hague, Netherlands",
Nibirii Festival 2026,"August 28-30, 2026","Duren, Germany",
Mint Festival 2026,"May 2-3, 2026","Leeds, UK","Enzo Siragusa, Ewan Mcvicar, Jamback, Luke Dean, Marsolo, Max Dean, Morgan Seatree, Rossi, Shanti Celeste, Silva Bumpa"
Electric Castle Festival 2026,"July 16-19, 2026","Bontida, Romania","The Cure, Twenty One Pilots"
Rosendal Garden Party 2026,"June 12-14, 2026","Stockholm, Sweden",
Liquicity Festival 2026,"July 24-26, 2026","Oudkarspel, Netherlands",
Solidays 2026,"*June 26-28, 2026","Paris, France",
Ottawa Bluesfest 2026,"July 9-19, 2026","Ottawa, ON",
Dreamfields Festival 2026,"July 11, 2026","Lathum, Netherlands",
World Club Dome 2026,"June 5-7, 2026","Frankfurt, Germany",
Ember Shores 2025,"December 5-7, 2025","Cancun, Mexico","AFINITY, ALLEYCVT, ARMNHMR, BIJOU, BLANKE, BONNIE X CLYDE, BOOMBOX CARTEL, BRONDO, CASTER, CRANKDAT, DAB THE SKY, ECOTEK, ELEPHANTE, FAYBL, FROSTTOP, HAYLA, HEX COUGAR, ILLENIUM B2B SEVEN LIONS, JAMES EGBERT, JESSICA AUDIFFRED, KAREEM MARTIN, KREAM, MAMBA, MASHBIT, MPORT, MUZZ, PAWS, PROJECT 26, RICO ARAMIS, RIOT, TRAJIKK, VEDIC, WILLIAM BLACK, WOOLI"
Docklands Festival 2026,"June 6, 2026","Munster, Germany",
Butik Electronic Festival 2026,"July 15-19, 2026","Tolmin, Slovenia",
Gala Festival 2026,"May 22-24, 2026","London, UK","Antal x Hunee x Palms Trax, Bakey, Beatrice M., Benji B, Call Super, CC:Disco!, Chaos in the CBD, Christian AB, Club are, Conducta, Deviation, DJ Sweet6teen, dlhii, Dreamland, George Daniel, HVYWGHT, Job Jobse, Judah, Lil Louis, Mala, Mia Koden, Moxie, NTS, Onloop, Or:la, Paranoid London, Peach, Prosumer, R4, Refuge, Steffi x Virginia, System Olympia, Tasha, The Floor Is Ours, Tikiman and Richard Akingbehin, Todd Edwards, Verraco"
Colours of Ostrava 2026,"July 15-18, 2026","Ostrava, Czech","Bennet, Harry Strange, Katerina Marie Ticha & Bandjeez, Paris Paloma, Sofian Medjmedj, Tata Bojs, Teddy Swims Lorde, Twenty One Pilots"
ARC Music Festival 2026,"September 4-6, 2026","Chicago, IL",
Elbjazz 2026,"June 5-6, 2026","Hamburg, Germany",
PlayThink Festival 2026,"June 17-20, 2026","Edmonton, KY",
Defected Croatia 2026,"July 29-August 2, 2026","Tisno, Croatia",
Northern Nights 2026,"July 17-19, 2026","Piercy, CA",
Transmission Netherlands 2026,"November 28, 2026","Arnhem, Netherlands",
San San Festival 2026,"April 2-4, 2026","Benicassim, Spain",
Houghton Festival 2026,"August 6-9, 2026","Houghton, UK",
CTM Festival 2026,"January 23-February 1, 2026","Berlin, Germany","ABOPF, Boutcha Bwa, Catnapp, CORIN, Cortisa Star, Earth, Emiddio Vasquez, gazaebal, Growlers Choir, Guedra Guedra, KAVARI, Khrystyna Kirik x Mark Bain & zeroday, Marcin Pietruszewski, Nataša Grujović & Steve Moore, Pain Magazine, RONI, Sote, Stygian Bough, Tohal Kyna & Sara Persico, Valesuchi, Vartan Markarian, Yetsuby"
Skyline Festival 2026,"February 28-March 1, 2026","Los Angeles, CA",
Brick Lane Jazz Festival 2026,"April 24-26, 2026","London, UK","A Grime Supreme, Aby Coulibaly, Alexander Flood, Alici, Amanda Whiting, Arjuna Oakes, Bad Influence, Benji “Chief” Appiah, Bibi Tanga & The Selenites, Brian Jackson, BXL X LDN Interplay III, C-Sé Quartet, Charlie Stacey, Christ-Stéphane Boizi, daoud, Eliane Correa, Footshooter, Gabriele Poso, Genevieve Namazzi Quartet, Haseeb Iqbal, IAMNOBODI, Kassa GJ Quartet, KAU, Kianja, Kinzogianna, Knats, Kwame Yeboah, Kyla Kilzer & Max Noir, Kyra, Leif Kaner-Lidström, Levitation Orchestra, Maddy Coombs, MADELEINE, Marlon The Pannist, Meron T, Nídia & Valentina, Oliver Night, Poppy Helmer & Friends, Resolution 88, Rhys Baker, Ria Moran, Richard Spaven, Robert Luis, Ruby Rushton, Saiming, Sam Wise, SHOLTO & Finn Rees, Steppin’ Over, Sticky Dub, TABLE, Tia Gordon, Tomorrow’s Warriors, ZENA"
Glitch Festival 2026,"August 12-15, 2026","Haz-Zebbug, Malta",
Southport Weekender Festival 2026,"March 13-15, 2026","Bognor Regis, UK",
C/O Pop Festival 2026,"April 15-19, 2026","Cologne, Germany",
Tauron Nowa Muzyka 2026,"June 4-7, 2026","Katowice, Poland",
Bazique Festival 2026,"March 6-8, 2026","Riviersonderend, South Africa",
Junction 2 Festival 2026,"July 24-26, 2026","London, UK",
Deer Shed Festival 2026,"July 24-26, 2026","Topcliffe, UK",
Hibernation Festival 2026,"March 20-22, 2026","Pas de la Casa, Andorra",
Cowboys Music Festival 2026,"July 2-12, 2026","Calgary, AB",
Airbeat One 2026,"July 9-12, 2026","Neustadt-Glewe, Germany",
Westival 2026,"July 2-5, 2026","Tenby, Wales",
Westival,,,
Summerside Festival 2026,"June 25-27, 2026","Grenchen, Swizterland",
Lost Minds Festival 2026,"July 11, 2026","Newcastle, UK",
Kelburn Garden Party 2026,"July 2-6, 2026","Largs, UK",
Kelburn Garden Party,,,
OpenAir St. Gallen 2026,"June 25-28, 2026","St. Gallen, Switzerland",
Nocturnal Wonderland 2026,"September 19-20, 2026","San Bernardino, CA",
Lighthouse Festival 2026,"June 3-7, 2026","Tar, Croatia",
Marvellous Island Festival 2026,"May 23-24, 2026","Paris, France",
Palmesus 2026,"June 26-27, 2026","Kristiansand, Norway",
Dour Festival 2026,"July 15-19, 2026","Dour, Belgium",
Lazydays Festival 2026,"July 24-26, 2026","Southend-on-Sea, UK",
High Vibe Fest 2026,"April 30-May 4, 2026","Weldon, CA",
A Summer Story 2026,"*June 19-21, 2026","Madrid, Spain",
Monegros Desert Festival 2026,"July 25, 2026","Fraga, Spain",
Hard Summer 2026,"*August 1-2, 2026","Los Angeles, CA",
Summer Sound Latvia 2026,"July 31-August 1, 2026","Liepaja, Latvia",
Oya Festival 2026,"August 12-15, 2026","Oslo, Norway","The Cure, Amyl & The Sniffers"
Y Not Festival 2026,"July 30-August 2, 2026","Derbyshire, UK",
Audioriver 2026,"July 10-12, 2026","Łódź, Poland",
Lost Lands 2026,"*September 18-20, 2026","Thornville, OH",
Playtime Festival 2026,"July 2-4, 2026","Ulaanbaatar, Mongolia",
Different Sounds Festival 2026,"July 2-5, 2026","Lublin, Poland",
Kaleidoscope Festival 2026,"July 11, 2026","London, UK",
Kaleidoscope Festival,,,
Dominator Festival 2026,"July 17-18, 2026","Eersel, Netherlands",
Soul Session Malta 2026,"July 30-August 4, 2026","St Paul's Bay, Malta",
AfrikaBurn 2026,"April 27-May 3, 2026","Bloemfontein, South Africa",
Dimensions Festival 2026,"August 27-31, 2026","Tisno, Croatia","Alexia Glensy, Amaliah, Anthea, Ash Lauryn, Client_03, Daniel Bell, Desyn, Detroit In Effect, DJ Fart in the Club, DJ MARIA., DJ Masda, DJ Pipe, DJ Rino, DJ Storm, DJ sweet6teen b2b Silverlining, DMX Krew, dreamcastmoe, Dyed Soundorom, Edward, Eris Drew & Octo Octa, Garrett David, Grace Sands, Grant Dell, Hamish & Toby, Heels & Souls, Helena Hauff b2b Moopie, ISAbella, Jane Fitz, Jayson Wynters, John Talabot, Josh Caffé, Junki Inoue, Just1, Karine & Shakolin, Katia Curie, Kia b2b Bitter Babe, Konduku, Lazy Susan, LEGRAM VG, Loidis, Macca, Malika, Marcellus Pittman, Mariiin, Matthew Neequaye, Mike Servito, Moritz Von Oswald, Naone, Objekt, OK Williams, Pan-J, Pancratio, PARAMIDA, Pierre Marty, Prosumer, Radioactive Man, Raresh, Richard Gregory, Roza Terenzi, Ryan Elliott, Satoshi Tomiie, Sedef Adasi, Softi, Sonja Moonear, Stella & The Longos, Stella Zekri, Sugar Free, Super Venus, Tama Sumo & Lakuti, Tau Car, The Ghost, The Hacker, Tikiman & Richard Akingbehin, Transparent Sound, Triana y Hermana Juana, Unai Trotti, upsammy, Vlada b2b Lena Willikens, XDB, Zip"
Garorock 2026,"June 26-28, 2026","Marmande, France",
Papillons De Nuit 2026,"May 22-24, 2026","Saint-Laurent-de-Cuves, France",
Ultra Japan 2026,"September 19-20, 2026","Tokyo, Japan",
Verknipt Croatia 2026,"July 12-16, 2026","Novalja, Croatia",
Solar Weekend 2026,"July 30-August 2, 2026","Roermond, Netherlands",
Also Festival 2026,"July 10-12, 2026","Warwickshire, UK",
Provinssi 2026,"June 25-27, 2026","Seinajoki, Finland","Apulanta, Ares, AveragekidLuke, Bad Omens, Blood Incantation, Bring Me The Horizon, Cemetery Skyline, Jaakko Kulta, Kuumaa, Mirella, Robin Packalen, Witch Club Satan, Wolf Alice"
Arenal Sound 2026,"July 30-August 2, 2026","Borianna, Spain",
Ruhr-In-Love 2026,"July 4, 2026","Oberhausen, Germany",
Empire Music Festival 2026,"May 1-2, 2026","Guatemala City, Guatemala",
Sea You Festival 2026,"July 17-19, 2026","Freiburg, Germany",
ParookaVille 2026,"July 17-19, 2026","Weeze, Germany",
Terminal V Croatia 2026,"July 16-20, 2026","Tisno, Croatia",
Love Family Park 2026,"July 25-26, 2026","Frankfurt, Germany",
Tinderbox 2026,"June 25-27, 2026","Odense, Denmark",
Horst Music Festival 2026,"May 14-16, 2026","Brussels, Belgium",
Sonus Festival 2026,"August 16-20, 2026","Novalja, Croatia",
Electric Picnic 2026,"August 28-30, 2026","Laois, Ireland",
Paléo Festival 2026,"July 21-26, 2026","Nyon, Switzerland",
Electrum Up To Date Festival 2026,"May 28-30, 2026","Białystok, Poland",
Les Eurockéennes 2026,"*July 2-5, 2026","Belfort, France",
Big Love Festival 2026,"July 16-19, 2026","Monmouthsire, Wales",
Weekend Festival Finland 2026,"July 31-August 1, 2026","Helsinki, Finland",
The Beat-Herder Festival 2026,"July 16-19, 2026","Lancashire, UK",
IleSoniq 2026,"August 8-9, 2026","Montreal, QC",
Zurich Openair 2026,"August 28-September 5, 2026","Zurich, Switzerland",
Ruisrock 2026,"July 3-5, 2026","Turku, Finland",
Medusa Sunbeach Festival 2026,"August 13-17, 2026","Cullera, Spain",
Paredes De Coura 2026,"August 12-15, 2026","Paredes de Coura, Portugal",
Flight Festival 2026,"June 19-21, 2026","Timisoara, Romania",
O Days Festival 2026,"July 30-August 1, 2026","Copenhagen, Denmark",
Kesarauha Festival 2026,"June 12-14, 2026","Turku, Finland",
Free Your Mind Festival 2026,"June 6-7, 2026","Arnhem, The Netherlands",
Shambala Music Festival 2026,"August 27-30, 2026","Northamptonshire, UK",
Stavern Festival 2026,"July 2-4, 2026","Larvik, Norway",
Shutdown 2026,"August 8, 2026","Vienna, Austria",
We Out Here 2026,"August 20-23, 2026","Wimborne St Giles, UK",
Frequency Festival 2026,"August 20-22, 2026","St. Polten, Austria",
Loveland Festival 2026,"August 8-9, 2026","Amsterdam, Netherlands",
Forwards Festival 2026,"August 29-30, 2026","Bristol, UK",
Let Them Eat Cake NYD 2026,"January 1, 2026","Werribee, Australia","1tbsp, Afrodisiac, C000KIE, CRUSH3d, Diffrent, DJ HEARTSTRING, DJ JNETT, Dr. Banana, Folamour, FUKHED, KATAYANAGI TWINS, Luke Alessi, Moxie, Ned Bennett, riria, SILVA BUMPA, Sleep D, TSHA, VTSS, WOLTERS, Yarra"
Bonanza Festival 2026,"March 4-9, 2026","Santa Marta, Colombia","Adi & Unai Trotti, Aleja Sanchez, Among Trees, Benny, Byron Maiden, Carlos do Complexo, Christian Bonanata, DJ Villa Cariño / Azkuenaga, Felix Dickinson, Forest on Stasys, Hamish & Toby, Jackin’i’m, Jane Fitz, Jonny Rock, Julianna, Junior Pitch, Kia, Kruz, Kyle Toole, Leeon, Millie McKee, Moritz III, Nicolás Duque, Nídia, Oberman, Planet Love / Bigeneric aka Marco Repetto, Reptant, Sara Delirio, Tatan, Vladimir Ivkovic, XDB"
Indian Spirit Festival 2026,"August 26-31, 2026","Eldena, Germany",
Dancefestopia 2026,"September 7-13, 2026","La Cygne, KS",
Summer Well 2026,"August 7-9, 2026","Buftea, Romania",
Ilosaarirock Festival 2026,"July 17-19, 2026","Joensuu, Finland",
Momento Demento (Mo:Dem) 2026,"August 3-9, 2026","Primišlje, Croatia",
UNUM Festival 2026,"June 4-8, 2026","Shëngjin, Albania","Ageless, Anitë, Anna Wall, Antares, Ben Klock, Cameron Jack, Cap, Craig Richards, Dan Andrei, Dan Ghenacia, Diosa, DJ Tennis, Dyed Soundorom, East End Dubs, Fell Reis, Francesco Del Garda, Harry McCanna, Krystal Klear, Liburn, Maher Daniel, Margaret Dygas, Marlon Baleci, Praslea, Priku, Raresh, Ricardo Villalobos, Richy Ahmed, Sahar, Secret 47, Tobi Neumann, Will Davison"
Festival Beauregard 2026,"July 2-5, 2026","Herouville St-Clair, France",
Future Forest 2026,"August 6-10, 2026","Fredericton, NB",
Waterworks Festival 2026,"September 12, 2026","London, UK",
Aquasella Festival 2026,"August 13-16, 2026","Arriondas, Spain",
Nature One 2026,"July 30-August 2, 2026","Kastellaun, Germany",
Wonderland Festival 2026,"July 4, 2026","Newstead Village, UK",
Wonderland Festival ,,,
All Back To Minehead 2025,"November 7-10, 2025","Minehead, UK","Belters Only, Benji B, Craig Duranti, Demi Riquísimo, Denis Sulta, Derrick Carter, DMG, Eliott Schooling & Liam Palmer, Fat Tony, Goldie, Jamie Unknown, Jodie Harsh, Joshua James, K-Klass, Leftfield, Lily McKenzie, Lizzie Curious, Loz Seka, Lulah Francs, Monago, MYD, Noisy Neighbours, Paige Tomlinson, Palooza, Sally C, Sarah Story, Sasha Gigi, Special Request, Tim Cullen, U-Bend, Woody Cook"
Rampage 2026,"March 6-7, 2026","Antwerp, Belgium",
Sunwaves Fest 2026,"September 3-7, 2026","Mamaia, Romania",
Ostend Beach Festival 2026,"July 11-12, 2026","Ostend, Belgium",
Smukfest 2026,"August 2-9, 2026","Skanderborg, Denmark",
HiJinx Festival 2025,"December 27-28, 2025","Philadelphia, PA","Daily Bread, Eater, Fly, GRiZ, Gryffin, Hamdi, Illenium b2b Slander, Jkyl & Hyde, Kaleena Zanders, Knock2, Know Good, Muzz, Seven Lions, Skull Machine, William Black, Zingara"
OFF Festival 2026,"August 7-9, 2026","Katowice, Poland",
Daad Gathering 2026,"June 17-22, 2026","Dadpuszta, Hungary",
Toxicator 2025,"December 6, 2025","Mannheim, Germany","Ally, Angerfist, AniMe, Cheeva pres. THIS IS GABBER, D-Ceptor, Dimitri K, Dual Damage, Gezellige Uptempo, GPF & Dr Donk pres. Piep vs. Zaag, Hardtechno No Boundaries Movement Set, Hysta, Lost Identity, Mad Dog, Maxtreme, Mish, Mutilator, Neon Graveyard, Nolz, PER PLEKS, Polytoxic, Radical Redemption, Rebelion, Russian Village Boys, Slaughterhouse by Deadly Guns & N-Vitral, Sound Rush, Tha Watcher, Warface, Zelecter"
Lindisfarne Festival 2026,"September 3-5, 2026","Berwick-upon-Tweed, UK",
Lindisfarne Festival 2026,,,
Sziget 2026,"August 11-15, 2026","Budapest, Hungary",
Ultra South Africa 2026,"April 25-26, 2026","Johannesburg/Cape Town, SA",
Badlands Music Festival 2026,"July 2-12, 2026","Calgary, AB",
Festival Au Bord De l’Eau 2026,"June 25-28, 2026","Lac De Geronde-Sierre, Switzerland",
RFM Somnii 2026,"July 11-12, 2026","Figueira da Foz, Portugal",
Verknipt Festival 2026,"June 6-7, 2026","Utrecht, Netherlands",
Open Air Gampel 2026,"August 19-23, 2026","Gampel, Switzerland",
Wire Festival 2026,"May 14-17, 2026","New York, NY",
Barrakud Croatia 2026,"August 9-13, 2026","Novalja, Croatia",
Lovefest 2026,"August 7-15, 2026","Vrnjačka Banja, Serbia",
Trotamundo Festival 2026,"January 8-12, 2026","Montanita, Ecuador","Alex Pastor, Alvaro Medina, Andrei Ciubuc, Anthea, Bastard Love, Binh, Bruno Limma, Cabanne, Cap, Caruan, Cem Ozden, Dana Ruh, Dandy Jack, Daniel Bell, David Berrie, Dawidu, Desyn, DJ Koolt, DJ Masda, Dyed Soundorom, Dylan Payne, E.Lina, Edward, Elia Nafzger, Evgeniia, Ezziolino, Felipe Valenzuela, Gianni, Gojnea76, Gromma, Highkin, Hinari, Hugo Martinez, International Mac, Ion Ludwig, Jorge Escribano, Juaan, Kev Gee, Konstantin, KT, Laurine & Cecilio, Lawrence, Manfredas, Mario Liberti, Mateo Dufour, Mathew Jonson, Mayell, Melchior Productions Ltd, Morgan, Nicola Cruz, Nicolas Lutz, Ñoolo, Ohm Hourani, Olga Korol, Omar, Pancho Piedra, Pocket Club, Rafa, Raphael Carrau, Rhadoo, San Dee, Shaun Reeves, Shonky, Sibil, Silvia Ponce, Sonja Moonear, Sweely, Taimur, Tau Car, Thomas Melchior, tINI, Trajano, Traumer, Unai Trotti, Vass, Voigtmann, Will Renuart, Z@p, Zach G"
Lowlands Festival 2026,"August 21-23, 2026","Biddinghuizen, Netherlands",
Gottwood Festival 2026,"June 11-14, 2026","Anglesey, Wales",
La Route Du Rock Winter 2026,"March 4-7, 2026","St Malo, France",
Les Plages Electroniques 2026,"August 7-9, 2026","Cannes, France",
Goldrush Fest 2026,"September 11-12, 2026","Chandler, AZ",
HowTheLightGetsIn 2026,"May 22-25, 2026","Hay-on-Wye, UK",
Tickets,2026-05-22T09:00 - 2026-05-25T17:00,Hereford,
Brunch Electronik Festival 2026,"August 14-15, 2026","Barcelona, Spain",
Cabaret Vert 2026,"August 20-23, 2026","Charleville-Mézières, France",
Rock in Roma 2026,"June 9-July 16, 2026","Rome, Italy","The Offspring, Negramaro, Caparezza, Olly, Emma"
SZIN 2026,"August 26-29, 2026","Szeged, Hungary",
Nukranox 2025,"December 13, 2025","Salzburg, Austria","Dual Damage, Holy Priest, Noiseflow, Gezellige Uptempo, Mandy, Negitiv, Maxtreme, More Kords, The Saints, The Straikerz, Gravedgr, TNT"
Les Nuits Secrètes 2026,"July 10-12, 2026","Aulnoye-Aymeries, France",
Stowaway Festival 2026,"July 31-August 2, 2026","Buckinghamshire, UK",
O Son do Camiño 2026,"June 18-20, 2026","Santiago, Spain",
Gloworm Festival 2026,"August 7-9, 2026","Nottinghamshire, UK",
Solstice Festival 2026,"June 18-20, 2026","Kuusamo, Finland",
909 Festival 2026,"June 6-7, 2026","Amstelveen, Netherlands",
MUTEK Montreal 2026,"August 25-30, 2026","Montreal, QC",
Timescape Festival 2026,"August 7-9, 2026","Cambridgeshire, UK","A-Tøn, Adam Bellew, Andy Cain, Anna Mac, Asteroid, Carly Wilford, Chapter & Verse, Cold Blue, Craig Connelly, Dan Harrison, Dan Stone, Darren Shambhala, Dave Clemo, Derek T pres. Tek-Tonik, Ed Lynam pres. 6GR, Edele Andaya, Factor B, Faith Mark, Griff, Heart & Hawk, Ian Van Dahl, Jake Taylor, Jon Hemming, Lange, Liam Wilson, Lilesy, Lisa Marie, Magdelayna, Matty Ralph, Peter Steele, Poggy, Revoxx, Richard Durand, River, Signum, The Thrillseekers"
Garbicz Festival 2026,"July 30-August 3, 2026","Garbicz, Poland",
Feelings Festival 2026,"August 21-22, 2026","Bergen, Norway",
Machac Festival 2026,"August 14-15, 2026","Doksy, Czech",
Green Man Festival 2026,"August 20-23, 2026","Brecon Beacons, Wales",
Northern Bass 2025,"December 30-31, 2025","Mangawhai, New Zealand","Aitch, ALIX PEREZ, Amplify, Barkaa, Catching Cairo, Chiccoreli + Tali, Crossy, Degs, Dizzee Rascal, DJ Hazard, DJ Hype, EMERSON, Emily Makis, Gentlemens Club, Gray, HalfQueen, Keighto, Killjoy, Kings of the Rollers +Inja, Mystic State, Paige Julia, Pendulum DJ set, Ruinz, Sicaria, Simula, State of Mind, Suune b2b Inmotion, The Upbeats, Zero"
Splendour Festival 2026,"July 18-19, 2026","Nottingham, UK","The Wombats, Snow Patrol"
Bass In The Grass 2026,"May 16, 2026","Mindil Beach, Australia",
Electrisize Festival 2026,"August 7-9, 2026","Erkelenz, Germany",
Echelon 2026,"August 14-15, 2026","Bad Aibling, Germany",
Contact Winter Music Festival 2025,"December 26-27, 2025","Vancouver, BC","CHRIS AVANTGARDE, gryffin, palmer, CHYL, kaleena zanders, slander, Cloonee, karsten sollors, spencer brown, eric prydz, matroda, yurie"
Szene Openair 2026,"July 30-August 1, 2026","Lustenau, Austria",
Breakaway Festival Michigan 2026,"August 14-15, 2026","Grand Rapids, MI",
FVDED in the Park 2026,"July 4-5, 2026","Surrey, BC",
Bumbershoot 2026,"September 5-6, 2026","Seattle, WA",
Manchester Pride 2026,"August 28-31, 2026","Manchester, UK",
Sunice Festival 2026,"September 17-19, 2026","Lido Ascona, Switzerland",
Reeperbahn Festival 2026,"September 16-19, 2026","Hamburg, Germany",
Canela Party 2026,"August 27-29, 2026","Torremolinos, Spain","Amor Líquido, Ángeles Toledano, Carolina Durante, Deafheaven, Getdown Services, High Vis, Joseluis, Karen Dió, La Paloma, Las Petunias, Mala Gestión, Man/Woman/Chainsaw, Mannequin Pussy, Maruja, Me and the Bees, Rufus T. Firefly, Skegss, Wavves"
Love Saves the Day Festival 2026,"May 23-24, 2026","Bristol, UK",
La Nuit de l’Erdre 2026,"July 2-5, 2026","Nort-sur-Erdre, France",
Mira Festival 2025,"November 7-8, 2025","Barcelona, Spain","1v4n + Masso, Abril Tormos, Akyute and Alice Sparkly Kat present A Skin of Soil, Albert.DATA, Ali Sethi + Nicolas Jaar, Amnesia Scanner & Freeka.tet: S.L.O.T.H, Anna Pantinat + Shoeg present Goigs Posthumans, Aurora Halal, aya + MFO, Blawan, Byetone, Carla Elias, Divide and Dissolve, Elisava, Erika de Casier, Ferran Belmon, Floating Points + Hamill Industries, Flying Lotus, Franck Vigroux + Kurt D’Haeseleer, Gábor Lázár, Gnomalab, I AM JAS, IED, John Maus, Kaitlyn Aurelia Smith, la Salle, Laia Ferran, LANAV, Landscapes, Latineo: AMANTRA b2b M8NSE, Lechuga Zafiro & Verraco: Hyperverbena, Lolo y Sosaku present Perros, Los Thuthanaka, Lumus Instruments, Marie Davidson + Nick Verstand, Maya Shenfeld + Pedro Maia, Multiplicity, nara is neus, Nick Verstand, No Plexus, Oneohtrix Point Never, Onionlab, Pauk + Martina Ampuero, Puntalaberinto, res_, Soliman López, Steevio & Suzybee, Sven Sauer, TGAM, VPM"
Time Warp Fall 2025,"November 7-8, 2025","Mannheim, Germany","999999999, Adrián Mills, Âme, Azyr b2b Clara Cuvé, Bad Boombox, BLOND:ISH, Chris Stussy, DJ Gigola, Estella Boersma, Funk Tribu b2b Odymel, I Hate Models, Joris Voorn, Kalte Liebe Live, KI/KI b2b SPFDJ, KILIMANJARO, Lilly Palmer, LP Giobbi, MCR-T, Nina Kraviz, NOVAH, Reinier Zonneveld"
Strand Festival 2026,"August 20-22, 2026","Zamárdi, Hungary",
ILLFest 2026,"May 29-31, 2026","Austin, TX",
Decadence Arizona 2025,"December 30-31, 2025","Phoenix, Arizona","Adventure Club, Ben Sterling, Brunello, Carrie Keller, Chase & Status, Darren Styles, Deathbeat, DMTRI, Fisher, Gio Lucca, Green Velvet, GRiZ, Hamdi, Hayden James, Kai Wachi, Kaskade, KinAhau, Knock2, Ky William, Level Up, Max Styler, Meduza, Michael Hooker, Mike Posner, Odd Mob, Omri., Pedroz, PHRVA, Prunk, Sammy Virji, Sara Landry, SG Lewis, Stevie Nova, Subtronics, Sullivan King, Tape B, VOYD, Whethan, Zedd"
Mucky Weekender Festival 2026,"September 10-12, 2026","Winchester, UK",
Le Jardin du Michel 2026,"May 22-24, 2026","Nancy, France",
Balance Croatia Festival 2026,"August 6-10, 2026","Tisno, Croatia","Adam Freeland, Aera, Alex Banks, Alex O’Rion, Amonita, Andrologic, Anthony Pappa, Atish, Aubrey Fry, Carina Lawrence, Chicola, Cristina Tosio, D-Nox, Danny Howells, Danny Tenaglia, Dave Seaman, DJ Ruby, Dmitry Molosh, Dobar House, Dowden, Eichenbaum, Eli Nissan, Elliot Moriarty, Emi Galvan, Ezequiel Arias, Gai Barone, GMJ & Matter, Graziano Raffa, Guy J, Guy Mantzur, Henry Saiz, Hernán Cattaneo, Hicky & Kalo, Hyunji-A, James Zabiela, Jamie Stevens, Jeremy Olander, Jerpa, Jody Barr, Jody Wisternoff, Joe Miller, John 00 Fleming, John Cosani, John Digweed, Kabi, Kamilo Sanclemente, Karl Pilbrow, Kasey Taylor, Khen, Lee Burridge, Lemon, Lloyd Barwood, Lost Desert, Lost Miracle, Mai Lawson, Marcelo Vasami, Mariano Mellino, Marko Felinger, Marsh, Martin Fredes, Martin Roth, Matthew Sona, Maze 28, Mike Rish, Miss Melera, Nick Stoynoff, Nick Varon, Nick Warren, Nicolas Rada, Patrice Bäumel, Petar Dundov, Peter Makto, Pole Folder, Powel, Rocío Portillo, Sasha, Simon Vuarambon, Simply City, Spencer Brown, Stereo Underground, Steve Parry, Tim Green, Tonaco, Zankee Gulati"
Sacred Acre Festival 2026,"September 11-13, 2026","Ninilchik, AK",
Neopop 2026,"August 6-8, 2026","Viana do Castelo, Portugal",
Breakaway Festival Philadelphia 2026,"September 11-12, 2026","Philadelphia, PA",
SonneMondSterne 2026,"August 7-9, 2026","Saalburg-Ebersdorf, Germany",
ZeeZout Festival 2026,"August 29, 2026","Amsterdam, Netherlands",
E-Lake 2026,"August 7-9, 2026","Echternach, Luxembourg",
Summer Peak Festival 2026,"August 22-27, 2026","Novalja, Croatia",
Lovestream Festival 2026,"August 14-17, 2026","Bratislava, Slovakia",
Let It Roll Puerto Rico 2025,"December 5-6, 2025","Bayamon, PR","Abstruse, AC13, Aeøn, Alien, Andromedik, Angree, Armanni Reign, Armo, B33, Bad Syntax b2b Dropset, Bass Banditz, Basstripper, Buunshin, Calyx, Captain Bass, Censored the Audio, Circadian, Circle K, Codezero, CPTL Pnshmnt, Crishim, Cyclops, Dave Shichman, Daxta MC, Delta Heavy b2b Grafix, Detcord, Dieselboy, Dieselboy b2b Vegas, Dillinja, Diode, Dirtyphonics b2b Modestep, DPS, Dr Xavier, Dsciple, Ed Rush & Optical, Etherwood, Evol Intent, Flava D, FLK, Fred V, Friction, Fury, Georgie Riot, Ghetto, Ghost b2b Ryan Vail, Glare, Infiltrata, Jade Venom & Mob Tactics, Jamal, Jay Vega, Jen Symmetry, Jmorgan, Justin Hawkes, Kasra b2b Enei, Lenore, Machete, Machu, MC Coppa (host), MC Dino, MC Disidente, Mendez, Mental, Metrik, Mikey Easy, Ms Toxiic, Ms. Vicious, Mushrodz, Muzz, Nebula, Negative Concept, NRV, Plushtoi, Primate, S-Doobie, S.P.Y, Sashha, Semt3x, Sistole, SLCDNB³, Slinky, Spiralus, Spor, The Mentor, The Upbeats, Vegas, Wednesday"
Eternal NYE 2025,"December 30-31, 2025","Orlando, FL","4D b2b VOVUH, Blaow!, Chmura, Cool Customer, Eazybaked, Grabbitz, GRiZ, Integrate, INZO, Liquid Stranger, Lotus Tape, Mersiv, NovembR, Sage, Sharlitz Web, Spirit Motel, Wreckno, Zeds Dead, Zen Selekta"
Karrusel 2026,"August 27-29, 2026","Copenhagen, Denmark",
Masters Of Hardcore 2026,"March 28, 2026","'s-Hertogenbosch, Netherlands",
Defected Malta 2026,"October 1-4, 2026","Attard, Malta",
Boundary Brighton 2026,"September 25-26, 2026","Brighton, UK",
Breakaway Festival Tampa 2026,"April 17-18, 2026","Tampa, FL",
Dreamstate San Francisco 2026,"March 6-7, 2026","San Francisco, CA",
Neon Countdown 2025,"December 30-31, 2025","Bangkok, Thailand","Amelie Lens, Kshmr, Alesso, Third Party, Nicky Romero"
Hoopla Malta 2026,"September 25-27, 2026","St. Paul's Bay, Malta",
Syndicate Festival 2026,"October 3, 2026","Dortmund, Germany",
Supremacy 2026,"September 26, 2026","Arnhem, Netherlands",
Breakaway Festival Arizona 2026,"April 24-25, 2026","Phoenix, AZ",
Counterflows 2026,"April 9-12, 2026","Glasgow, Scotland",
Amsterdam Dance Event 2026,"October 21-25, 2026","Amsterdam, Netherlands",
Excision NYE 2025,"December 31-January 1, 2026","Detroit, MI","Excision, Eptic, Spack Laces, Dion Timmer, Kompany, Perry Wayne, Cyclops, Gorillat, Vampa"
Pyramid Festival 2026,"August 3-9, 2026","Ilino, Serbia",
Abode On The Snow 2026,"January 17-24, 2026","Val Thorens, France","Blondi, Evie, GW Harrison, Jamie Aramayo, Joss Dean, Murphy’s Law, Ozzie Guven, Robbie Doherty, Ryan Resso, Tommy Phillips, Will Taylor"
WAO Festival 2026,"August 12-17, 2026","San Venanzo, Italy",
New Year’s at the Bowl 2025,"December 31-January 1, 2026","Melbourne VIC, Australia","ALDONNA, ALEX KASSIAN, ANY YOUNG MECHANIC, BERLIOZ, BERTIE, BIG WETT, BRADLEY ZERO, CARL COX, CONFIDENCE MAN, DON WEST, EMMA-JEAN THACKRAY, GLASS BEAMS, GOOD NEIGHBOURS, HARVEY SUTHERLAND, INJI, JOY CROOKES, KAMMA & MASALO, MARC REBILLET, MARIBOU STATE, MZRIZK, OWELU DREAMHOUSE, PROSUMER, ROSS FROM FRIENDS PRES. BUBBLE LOVE, ROZA TERENZI, SAM GELLAITRY, SANTIGOLD, SHANTAN WANTAN ICHIBAN, THE PREATURES, TORNADO WALLACE, UNDERWORLD, VELVET TRIP, X & IVY"
Art With Me 2025,"December 5-6, 2025","Miami, FL","Anthony Middleton, Christian Löffler, Dixon, Eric Prydz, Jimi Jules, Lee Burridge, LP Giobbi, Luciano, Matt Caines, NEIL FRANCES, Parra for Cuva, Patrik Khach, Santiago Garcia, Zamna Soundsystem"
Imagination Festival 2025,Cancelled,"Prague, Czech",
Cascade Equinox Festival 2026,"September 18-20, 2026","Redmond, OR",
Breakaway Mass 2026,"August 21-22, 2026","Worcester, MA",
Igloofest Québec City 2026,"March 5-7, 2026","Québec City, QC",
Fairground Festival 2025,"November 29, 2025","Hanover, Germany","AMELIE LENS, DUAL DAMAGE, SCRATCH HAGEN, SICKMODE, Sound Artists"
CRSSD Proper NYE 2025,"December 31-January 1, 2026","San Diego, CA","Adam Beyer, Amtrac, Ardalan, Chase & Status, ChaseWest, Chris Lake, Chris Lake B2B Four Tet, Chris Lorenzo, Claude VonStroke, CRi, Discip, Disco Lines, Eli & Fur, Flight Facilities, Four Tet, Gorgon City, Green Velvet, Hamdi, Hannah Laing, Hayden James, HI-LO, it’s murph, Kaskade Redux, Layton Giordani, Max Styler, MPH, Nicky Elisabeth, Noizu, Nora En Pure, Odd Mob, Purple Disco Machine, Ranger Trucco, Reinier Zonneveld, Roddy Lima, Sammy Virji, Sara Landry, Tinlicker, Tinzo + Jojo, Trace, Walker & Royce, Yotto"
Abode on the Rock 2026,"June 18-22, 2026","Gozo, Malta",
Holika Festival Calahorra 2026,"July 1-5, 2026","Calahorra, Spain",
Jungle Bells 2025,"December 12-13, 2025","Atlanta, GA","360 DEGREES, ÆON:MODE, ANDROMEDIK, ARMANNI REIGN, B-COMPLEX, BAD SYNTAX, BASSTRIPPER, BORN ON ROAD, BOU, BUUNSHIN, CASPER, CIRCADIAN, CIRCLE K, CRITICAL MASS, CRITICAL SOUND SYSTEM w/ KASRA & ENEI, CROOKED PASSAGE, D:RC, DANNY BYRD, DAVE SHICHMAN, DELAMOTA, DEMOTANK, DILLINJA, DJ SS, DRBBLZ, FALLSTREAK, FRED V, GODDARD., GREENELIXR, KADILAK, KINFOK, KINGS OF THE ROLLERS w/ INJA, KLUTCH, KOJI AIKEN, LSB & DRS, MANDIDEXTROUS, METAPATTER, MONRROE, MOZEY, MUZZ, OKTAE, RONI SIZE, RUDIMENTAL, SOTA, SUSTANCE, THIS IS INJA, VENJENT, VISAGES"
Homobloc 2025,"December 6, 2025","Manchester, UK","ANA MATRONIC, BASHKKA, BETH DITTO, EROL ALKAN, FEEL IT, GHETTO FABULOUS, HERCULES & LOVE AFFAIR, HONEY DIJON, HOUSE OF SPICE, PATRICK MASON, PEACHES, PXSSY PALACE, SLAYYYTER, SUGABABES, THE BLESSED MADONNA, TODD EDWARDS"
Future Ruins 2025,Cancelled,"Los Angeles, CA",
Breakaway Festival Carolina 2026,"September 25-26, 2026","Charlotte, NC",
Igloofest Edmonton 2026,"March 12-14, 2026","Edmonton, AB",
Neon City Festival 2025,"November 21-23, 2025","Las Vegas, NV","12 Volt Sex, 3OH!3, Acraze, Bowling for Soup, Breaking Benjamin, Daring Greatly, David Clutch, De La Soul, Deadmau5, Dez Hoston, Diva Bleach, Ethan Garner, Fayzone, Fitz and the Tantrums, Good Charlotte, Gym Class Heroes, Halocene, Heroine Honey, Hoity-Toity, Hoobastank, Hooper, HQ Proof, Kings/Kings, Knuckle Puck, Level Up, Michael Richter, Moonlight, Point North, Pure Sport, Quinn Ayers, Redferrin, Shaylen, Skeez, The Dollheads, The Far Worst, The Out There, Two Friends, Waka Flocka Flame"
Bayside Festival 2026,"July 3-4, 2026","Helsingborg, Sweden",
Secolare Festival 2026,"July 6-9, 2026","Bari, Italy",
Lakes Festival 2025,"December 28, 2025","Christchurch, New Zealand","Alix Perez, ATRIP, Beccie B, Chole, Club Angel, Emily Makis, Fidden, Fukhed, Good Neighbours, Hang The Saints, Haven, Home Brew, Hound, Indecisive, Kettama, Maribou State, Mozey, Sam Gellaitry, SIN, Stimulant Disco, Thanks, Two Faced, Wilkinson"
Zen Awakening 2025,"November 13-16, 2025","Lake Wales, FL","aire & sol, Ambique, ave, BR33ZZYY, brynnevere, dj skoot, dragon triiibe, Elle Marcel, flint blade, JENNA DENEE, Jkali, KEV KALIMBA, kora, Sentientity Sound Baths, shaman, SHEWXLF, sympl, Whitney Blake"
Give Thanks Festival 2025,"November 28-29, 2025","San Jose, CA","Excision, Sullivan King, Illenium, Dabin"
Breakaway Festival NorCal 2026,"October 16-17, 2026","Sacramento, CA",
Suwannee Hulaween 2026,"*October 29-November 1, 2026","Live Oak, FL",
Flow Fest Mexico 2025,"November 22-23, 2025","Mexico City, MX","Adso, Alu Mix, Alvaro Diaz, Andy Rivera, Bad Gyal, Cachirula & Loojan, Calle 24, Corina Smith, Cris MJ, Daaz, De La Ghetto, De La Rose, Deorro, DJ Aza, DJ Chaka, DJ Foxy, Don Omar, Doony Graff, Easykid, El Alfa, Esamipau, Ganggy, Gusty DJ, Iza TKM, J Balvin, JC Reyes, Jory Boy, Jowell y Randy, Juan Magan, Katteyes, Kevin AMF, Kevis & Maykyy, Khea, Kidd Keo, Kris R, L-Gante, Lenny Tavarez, Lunay, Maisak, Mar, Maria Becerra, Mau y Ricky, Micro TDH, Myke Towers, Natanael Cano, Nicky Jam, Omar Courtz, Omarcito Glock y Joss ML, Pedro Sampaio, Polima Westcoast, Santa Fe Klan, Sayuri & Sopholow, Sech, Standly, Tayhana, Venesti, Victor MendiVIL, Wisin, Yailin La Más Viral, Young Cister, Young Miko"
V and B Fest 2026,"August 20-23, 2026","Château-Gontier-sur-Mayenne, France",
Lost in Dreams San Francisco 2026,"February 13-14, 2026","San Francisco, CA","Audien, Babsy., Demotapes, Eyezic, Jai Wolf, Łaszewo, Louis The Child, Nostalgix, Pauline Herr, Sabai, Starjunk 95, Telykast"
A3 Festival 2025,"November 28-December 1, 2025","Lardner, Australia","6 SENSE, Adiel, Adriana, AIROD, AKEYLAH, Andrew 88, Baron Von Trax, BISCITS, Capital Waste, Cassette, Chlär, Claire O’Brien, Club Angel, Conducta, Cotto, DART, DJ SWISHERMAN, Effy, EMMYK & Tilly, Entasia, Ether, Fadi Mohem, Felicie, FRANTZ, Gaskin, Gorgon City, Grace Dahl, Grin, Gumm, Guy Contact, Hannah D, Hasvat Informant, Hybrid, Ignez, JÄMO & Kumi, Jordan Brando, Kara Okay, Kia, L.P. Rhythm, Laura King, Little Fritter, Luuk van Dijk, Mall Grab, MARK BLAIR, Max Brading, Moodymann, Nikki Tarling, OLIIV, Plastiq, POOF DOOF, Prizefight, ROSSI., Sasha Fern, Séarlait, Shanti, SNAXX, Some Sheila, Takeover, ÜBERKIKZ, WAXX OFF, Willaris. K, William Kiss, Yanamaste, Yarra"
It’s The Ship Festival 2025,"November 16-18, 2025",Singapore,"ACIGODE, Aginta.Vi, Alan V, Alok, Altr Ego, Alva, Amber Na, AOY, Azalea Jade, Bass Agents, Ben Schiff, Blijbeast, Blink, Cathy La Choi, Chri-Z, Code Black, Daljae, Damien, Disco Danny, DJ Alvik, DubVision, Ed Suarez, Eko, FBSJ, Flowerbomb, Goodgrip, Gorani, Hogi, Hojn, Immersien, Irama, Irwan, Justin Mylo, Keta Minaj, Lezeah, Ligrye, MC Knowledje, MC Roga, Mill, Mr J, Mrtn Plgr, My Little Puny, Nahsyk, Nghtshift, Nicky Romero, Nico, Nicole Chen, Nobuya, Paris, Peot, Pretty Dragon, Renatos, Rosh, Roshan, Samurai, Sebastian Morxx, Sihk, SkyRay, Smylyck, Spell Rell, Tchuno, Telykast, Tiger Burger, Timmy Trumpet, Tita Lau, Tobii Live, You Liang"
Mutations Festival 2025,"November 7-8, 2025","Brighton, UK","ADULT DVD, ADWAITH, AIN’T, ANNIE-DOG, ASHNYMPH, BDRMM, BELLS LARSEN, BENEFITS, BIG SPECIAL, BLOOD WIZARD, BROWN HORSE, COILGUNS, CONGRATULATIONS, COURTING, DEKKER, DITZ, DIVORCE, DRY CLEANING, EBBB, FAMILY STEREO, FICKLE FRIENDS, FUZZ LIGHTYEAR, GANS, GOLOMB, GOOD HEALTH GOOD WEALTH, GREEN STAR, HOTLINE TNT, IST IST, JOOLS, KEO, LADYLIKE, LAMBRINI GIRLS, LEMONSUCKER, MADMADMAD, MAKESHIFT ART BAR, MAMALARKY, MANDRAKE HANDSHAKE, MARY IN THE JUNKYARD, MEN AN TOL, MIDDING, MY FIRST TIME, MY PRECIOUS BUNNY, NADIA KADEK, NIGHT FLIGHT, NIGHTBUS, NO WINDOWS, OPUS KINK, PAN AMSTERDAM, PARTY DOZEN, PIGS PIGS PIGS PIGS PIGS PIGS PIGS, RATBOYS, RENNY CONTI, RIP MAGIC, SAINT CLAIR, SCALER, SEAN TRELFORD, SILVER GORE, SKYDADDY, STEALING SHEEP, STELLA BRIDIE, TEETHE, TEETHIN, TEKE::TEKE, TEST PLAN, THE BUG CLUB, THE MAN THE MYTH THE MEATSLAB, THE NONE, THE OOZES, THE ORIELLES, THE SICK MAN OF EUROPE, THISTLE., TOOTH, TRUCK VIOLENCE, UNIVERSITY, UPCHUCK, VLURE, VRAELL, WALDO’S GIFT, WINTER, WRKHOUSE, Y, YAANG"
Primavera Sound São Paulo 2026,"December 5-6, 2026","São Paulo,  Brazil",
Escape Halloween 2026,"October 30-31, 2026","San Bernardino, CA",
Beyond Existence 2025,"November 7-9, 2025","Austin, TX","Bismyth, Caspa, Charles Nimbus, Chmura, Critical Hit! b2b Solfire, Dank Frank, Dice Man, Entangled Mind, Esçpe, Flintwick, G-Space, Gallium, Headstash, Indobeats, INZO, Izzi, Jordnmoody, Josh Teed, Kuhlin, Kyokee, Medicine Place, Mindset, Nyquist, Ozztin, Rsrch Chmcls, Saka, Sather, Smoakland, Smokestaxx, Starfox, Sunken Frequencies, Supertask, The Widdler, Thought Process, Togeki, Toy Box, Truth, Vire, WAV-E, WXSTDFNTSY, Xenotype, Yates!"
Subsonic Music Festival 2025,"December 5-7, 2025","Monkerai, Australia","Andy Garvey, Boundless, C.FRIM, Chamberlain, Donald, Grace Dahl, Human Movement, Loa Szala, Maksim Dark, Miles from Mars, Mood Swing & Chevy Bass, Nicola Cruz, Purist, RP Boo, Ryanosaurus, Tangela, tINI, Triforce, Unai Trotti, Waltervelt"
Tunes in the Park 2026,"August 27-30, 2026","Cornwall, UK",
AUM Festival 2025,"December 30-January 2, 2026","South Head, New Zealand","Akasha, Alixon, Ana Teles, Audio Junkie, Avia & Average K, Baitercell, Boznich, Bray NZ, Bustaflux, Camo MC, Carlos Fleming, Cooper Khan, Cosmck J, Dave Seaman, DJ Fuckoff, Dub Sensei, Dub Sensei, Felipe Martinez, Ferksta, Finn Jackson, Flamingo Pier, FreQ Nasty, Georg.e., Greg Churchill, Grommie, Grouch in Dub, Isaac Chambers & Dub Princess, Isaac Denney, Jamie Stevens, Le Stag, Libby K, Littlewild, Matt Drake, Mazbou Q, Megapixel, Meraki, Mia Kober, Minuit, MishNZ, Miss Sinton, Mudflat Recordings, Neurai, Nixen, Optimus Gryme, Osey, Out of Sorts, Paige Julia, Pino, Princess Room, Racing, Ranz, Rob Warner, Sanoi, Sharkra, Simon Flower, Sneeky, State of Mind, Sumthn Ethnic, T.H.A.W, Tali & Chiccoreli, The Upbeats, Tiabeanie, Tom Sawyer, Violet Eve, Z-Cat"
Galaxy Station 2025,"November 21-22, 2025","Houston, TX",
Lost in Dreams Festival Chicago 2025,"November 22, 2025","Chicago, IL","Audien, Jason Ross b2b Trivecta, Johnny Chay b2b Iznyrs, Last Heroes, Telykast"
III Points 2026,"October 16-17, 2026","Miami, FL",
Waves Vienna 2026,"October 1-3, 2026","Vienna, Austria",
Breakaway Festival Atlanta 2026,"May 15-16, 2026","Atlanta, GA",
Festival Le Bon Air 2026,"May 22-24, 2026","Marseille, France",
Blacklist Festival 2026,"October 10, 2026","Oberhausen, Germany",
Same Same But Different 2026,"September 25-28, 2026","Perris, CA",
Breakaway Festival Dallas 2026,"April 10-11, 2026","Dallas, TX",
Creamfields Asia 2025,"December 13-14, 2025","Bangkok, Thailand","[IVY], Alex Farell, Amy Wiles, Andy C, Azry, Beauz, Beauz, Blake.08, Calvin Harris, CamelPhat, CRi, D-Block & S-te-Fan, DJ Orawan b2b Bradroc, Dosem b2b Hana, Eli & Fur, Ely Oaks, Far East Movement, Hybrid Minds, Ilan Bluestone, Junior, K Motionz, Kanine, Leena Punks, Lynne, Marlo, Marlo pres. V3NOM, Mat Zo, Matrick, Nifra, Oliver Smith, Oskah, Pendulum, R3HAB, Romain Garcia, Sicaria, Skrillex, Skryption, Steve Angello, Suhsi, Will Sparks, Yako, Yousuke Yukimatsu"
We Belong Here Palm Beach 2025,"December 27-28, 2025","West Palm Beach, FL","Axwell, Bakermat, Kaskade, Le Youth, Oliver Heldens, SG Lewis, Supertaste, Zoe Gitter"
